timestamp,intersection_id,phase_number,signal_state
2026-04-20T00:00:00,INT-001,1,GREEN ON
2026-04-20T00:00:35,INT-001,1,YELLOW ON
2026-04-20T00:00:39,INT-001,1,RED ON
2026-04-20T00:01:00,INT-001,2,GREEN ON
2026-04-20T00:01:35,INT-001,2,YELLOW ON
2026-04-20T00:01:39,INT-001,2,RED ON
2026-04-20T00:02:00,INT-001,3,GREEN ON
2026-04-20T00:02:35,INT-001,3,YELLOW ON
2026-04-20T00:02:39,INT-001,3,RED ON
2026-04-20T00:03:00,INT-001,4,GREEN ON
2026-04-20T00:03:35,INT-001,4,YELLOW ON
2026-04-20T00:03:39,INT-001,4,RED ON
2026-04-20T00:04:00,INT-001,1,GREEN ON
2026-04-20T00:04:35,INT-001,1,YELLOW ON
2026-04-20T00:04:39,INT-001,1,RED ON
2026-04-20T00:05:00,INT-001,2,GREEN ON
2026-04-20T00:05:35,INT-001,2,YELLOW ON
2026-04-20T00:05:39,INT-001,2,RED ON
2026-04-20T00:06:00,INT-001,3,GREEN ON
2026-04-20T00:06:35,INT-001,3,YELLOW ON
2026-04-20T00:06:39,INT-001,3,RED ON
2026-04-20T00:07:00,INT-001,4,GREEN ON
2026-04-20T00:07:35,INT-001,4,YELLOW ON
2026-04-20T00:07:39,INT-001,4,RED ON
2026-04-20T00:08:00,INT-001,1,GREEN ON
2026-04-20T00:08:35,INT-001,1,YELLOW ON
2026-04-20T00:08:39,INT-001,1,RED ON
2026-04-20T00:09:00,INT-001,2,GREEN ON
2026-04-20T00:09:35,INT-001,2,YELLOW ON
2026-04-20T00:09:39,INT-001,2,RED ON
2026-04-20T00:10:00,INT-001,3,GREEN ON
2026-04-20T00:10:35,INT-001,3,YELLOW ON
2026-04-20T00:10:39,INT-001,3,RED ON
2026-04-20T00:11:00,INT-001,4,GREEN ON
2026-04-20T00:11:35,INT-001,4,YELLOW ON
2026-04-20T00:11:39,INT-001,4,RED ON
2026-04-20T00:12:00,INT-001,1,GREEN ON
2026-04-20T00:12:35,INT-001,1,YELLOW ON
2026-04-20T00:12:39,INT-001,1,RED ON
2026-04-20T00:13:00,INT-001,2,GREEN ON
2026-04-20T00:13:35,INT-001,2,YELLOW ON
2026-04-20T00:13:39,INT-001,2,RED ON
2026-04-20T00:14:00,INT-001,3,GREEN ON
2026-04-20T00:14:35,INT-001,3,YELLOW ON
2026-04-20T00:14:39,INT-001,3,RED ON
2026-04-20T00:15:00,INT-001,4,GREEN ON
2026-04-20T00:15:35,INT-001,4,YELLOW ON
2026-04-20T00:15:39,INT-001,4,RED ON
2026-04-20T00:16:00,INT-001,1,GREEN ON
2026-04-20T00:16:35,INT-001,1,YELLOW ON
2026-04-20T00:16:39,INT-001,1,RED ON
2026-04-20T00:17:00,INT-001,2,GREEN ON
2026-04-20T00:17:35,INT-001,2,YELLOW ON
2026-04-20T00:17:39,INT-001,2,RED ON
2026-04-20T00:18:00,INT-001,3,GREEN ON
2026-04-20T00:18:35,INT-001,3,YELLOW ON
2026-04-20T00:18:39,INT-001,3,RED ON
2026-04-20T00:19:00,INT-001,4,GREEN ON
2026-04-20T00:19:35,INT-001,4,YELLOW ON
2026-04-20T00:19:39,INT-001,4,RED ON
2026-04-20T00:20:00,INT-001,1,GREEN ON
2026-04-20T00:20:35,INT-001,1,YELLOW ON
2026-04-20T00:20:39,INT-001,1,RED ON
2026-04-20T00:21:00,INT-001,2,GREEN ON
2026-04-20T00:21:35,INT-001,2,YELLOW ON
2026-04-20T00:21:39,INT-001,2,RED ON
2026-04-20T00:22:00,INT-001,3,GREEN ON
2026-04-20T00:22:35,INT-001,3,YELLOW ON
2026-04-20T00:22:39,INT-001,3,RED ON
2026-04-20T00:23:00,INT-001,4,GREEN ON
2026-04-20T00:23:35,INT-001,4,YELLOW ON
2026-04-20T00:23:39,INT-001,4,RED ON
2026-04-20T00:24:00,INT-001,1,GREEN ON
2026-04-20T00:24:35,INT-001,1,YELLOW ON
2026-04-20T00:24:39,INT-001,1,RED ON
2026-04-20T00:25:00,INT-001,2,GREEN ON
2026-04-20T00:25:35,INT-001,2,YELLOW ON
2026-04-20T00:25:39,INT-001,2,RED ON
2026-04-20T00:26:00,INT-001,3,GREEN ON
2026-04-20T00:26:35,INT-001,3,YELLOW ON
2026-04-20T00:26:39,INT-001,3,RED ON
2026-04-20T00:27:00,INT-001,4,GREEN ON
2026-04-20T00:27:35,INT-001,4,YELLOW ON
2026-04-20T00:27:39,INT-001,4,RED ON
2026-04-20T00:28:00,INT-001,1,GREEN ON
2026-04-20T00:28:35,INT-001,1,YELLOW ON
2026-04-20T00:28:39,INT-001,1,RED ON
2026-04-20T00:29:00,INT-001,2,GREEN ON
2026-04-20T00:29:35,INT-001,2,YELLOW ON
2026-04-20T00:29:39,INT-001,2,RED ON
2026-04-20T00:30:00,INT-001,3,GREEN ON
2026-04-20T00:30:35,INT-001,3,YELLOW ON
2026-04-20T00:30:39,INT-001,3,RED ON
2026-04-20T00:31:00,INT-001,4,GREEN ON
2026-04-20T00:31:35,INT-001,4,YELLOW ON
2026-04-20T00:31:39,INT-001,4,RED ON
2026-04-20T00:32:00,INT-001,1,GREEN ON
2026-04-20T00:32:35,INT-001,1,YELLOW ON
2026-04-20T00:32:39,INT-001,1,RED ON
2026-04-20T00:33:00,INT-001,2,GREEN ON
2026-04-20T00:33:35,INT-001,2,YELLOW ON
2026-04-20T00:33:39,INT-001,2,RED ON
2026-04-20T00:34:00,INT-001,3,GREEN ON
2026-04-20T00:34:35,INT-001,3,YELLOW ON
2026-04-20T00:34:39,INT-001,3,RED ON
2026-04-20T00:35:00,INT-001,4,GREEN ON
2026-04-20T00:35:35,INT-001,4,YELLOW ON
2026-04-20T00:35:39,INT-001,4,RED ON
2026-04-20T00:36:00,INT-001,1,GREEN ON
2026-04-20T00:36:35,INT-001,1,YELLOW ON
2026-04-20T00:36:39,INT-001,1,RED ON
2026-04-20T00:37:00,INT-001,2,GREEN ON
2026-04-20T00:37:35,INT-001,2,YELLOW ON
2026-04-20T00:37:39,INT-001,2,RED ON
2026-04-20T00:38:00,INT-001,3,GREEN ON
2026-04-20T00:38:35,INT-001,3,YELLOW ON
2026-04-20T00:38:39,INT-001,3,RED ON
2026-04-20T00:39:00,INT-001,4,GREEN ON
2026-04-20T00:39:35,INT-001,4,YELLOW ON
2026-04-20T00:39:39,INT-001,4,RED ON
2026-04-20T00:40:00,INT-001,1,GREEN ON
2026-04-20T00:40:35,INT-001,1,YELLOW ON
2026-04-20T00:40:39,INT-001,1,RED ON
2026-04-20T00:41:00,INT-001,2,GREEN ON
2026-04-20T00:41:35,INT-001,2,YELLOW ON
2026-04-20T00:41:39,INT-001,2,RED ON
2026-04-20T00:42:00,INT-001,3,GREEN ON
2026-04-20T00:42:35,INT-001,3,YELLOW ON
2026-04-20T00:42:39,INT-001,3,RED ON
2026-04-20T00:43:00,INT-001,4,GREEN ON
2026-04-20T00:43:35,INT-001,4,YELLOW ON
2026-04-20T00:43:39,INT-001,4,RED ON
2026-04-20T00:44:00,INT-001,1,GREEN ON
2026-04-20T00:44:35,INT-001,1,YELLOW ON
2026-04-20T00:44:39,INT-001,1,RED ON
2026-04-20T00:45:00,INT-001,2,GREEN ON
2026-04-20T00:45:35,INT-001,2,YELLOW ON
2026-04-20T00:45:39,INT-001,2,RED ON
2026-04-20T00:46:00,INT-001,3,GREEN ON
2026-04-20T00:46:35,INT-001,3,YELLOW ON
2026-04-20T00:46:39,INT-001,3,RED ON
2026-04-20T00:47:00,INT-001,4,GREEN ON
2026-04-20T00:47:35,INT-001,4,YELLOW ON
2026-04-20T00:47:39,INT-001,4,RED ON
2026-04-20T00:48:00,INT-001,1,GREEN ON
2026-04-20T00:48:35,INT-001,1,YELLOW ON
2026-04-20T00:48:39,INT-001,1,RED ON
2026-04-20T00:49:00,INT-001,2,GREEN ON
2026-04-20T00:49:35,INT-001,2,YELLOW ON
2026-04-20T00:49:39,INT-001,2,RED ON
2026-04-20T00:50:00,INT-001,3,GREEN ON
2026-04-20T00:50:35,INT-001,3,YELLOW ON
2026-04-20T00:50:39,INT-001,3,RED ON
2026-04-20T00:51:00,INT-001,4,GREEN ON
2026-04-20T00:51:35,INT-001,4,YELLOW ON
2026-04-20T00:51:39,INT-001,4,RED ON
2026-04-20T00:52:00,INT-001,1,GREEN ON
2026-04-20T00:52:35,INT-001,1,YELLOW ON
2026-04-20T00:52:39,INT-001,1,RED ON
2026-04-20T00:53:00,INT-001,2,GREEN ON
2026-04-20T00:53:35,INT-001,2,YELLOW ON
2026-04-20T00:53:39,INT-001,2,RED ON
2026-04-20T00:54:00,INT-001,3,GREEN ON
2026-04-20T00:54:35,INT-001,3,YELLOW ON
2026-04-20T00:54:39,INT-001,3,RED ON
2026-04-20T00:55:00,INT-001,4,GREEN ON
2026-04-20T00:55:35,INT-001,4,YELLOW ON
2026-04-20T00:55:39,INT-001,4,RED ON
2026-04-20T00:56:00,INT-001,1,GREEN ON
2026-04-20T00:56:35,INT-001,1,YELLOW ON
2026-04-20T00:56:39,INT-001,1,RED ON
2026-04-20T00:57:00,INT-001,2,GREEN ON
2026-04-20T00:57:35,INT-001,2,YELLOW ON
2026-04-20T00:57:39,INT-001,2,RED ON
2026-04-20T00:58:00,INT-001,3,GREEN ON
2026-04-20T00:58:35,INT-001,3,YELLOW ON
2026-04-20T00:58:39,INT-001,3,RED ON
2026-04-20T00:59:00,INT-001,4,GREEN ON
2026-04-20T00:59:35,INT-001,4,YELLOW ON
2026-04-20T00:59:39,INT-001,4,RED ON
2026-04-20T01:00:00,INT-001,1,GREEN ON
2026-04-20T01:00:35,INT-001,1,YELLOW ON
2026-04-20T01:00:39,INT-001,1,RED ON
2026-04-20T01:01:00,INT-001,2,GREEN ON
2026-04-20T01:01:35,INT-001,2,YELLOW ON
2026-04-20T01:01:39,INT-001,2,RED ON
2026-04-20T01:02:00,INT-001,3,GREEN ON
2026-04-20T01:02:35,INT-001,3,YELLOW ON
2026-04-20T01:02:39,INT-001,3,RED ON
2026-04-20T01:03:00,INT-001,4,GREEN ON
2026-04-20T01:03:35,INT-001,4,YELLOW ON
2026-04-20T01:03:39,INT-001,4,RED ON
2026-04-20T01:04:00,INT-001,1,GREEN ON
2026-04-20T01:04:35,INT-001,1,YELLOW ON
2026-04-20T01:04:39,INT-001,1,RED ON
2026-04-20T01:05:00,INT-001,2,GREEN ON
2026-04-20T01:05:35,INT-001,2,YELLOW ON
2026-04-20T01:05:39,INT-001,2,RED ON
2026-04-20T01:06:00,INT-001,3,GREEN ON
2026-04-20T01:06:35,INT-001,3,YELLOW ON
2026-04-20T01:06:39,INT-001,3,RED ON
2026-04-20T01:07:00,INT-001,4,GREEN ON
2026-04-20T01:07:35,INT-001,4,YELLOW ON
2026-04-20T01:07:39,INT-001,4,RED ON
2026-04-20T01:08:00,INT-001,1,GREEN ON
2026-04-20T01:08:35,INT-001,1,YELLOW ON
2026-04-20T01:08:39,INT-001,1,RED ON
2026-04-20T01:09:00,INT-001,2,GREEN ON
2026-04-20T01:09:35,INT-001,2,YELLOW ON
2026-04-20T01:09:39,INT-001,2,RED ON
2026-04-20T01:10:00,INT-001,3,GREEN ON
2026-04-20T01:10:35,INT-001,3,YELLOW ON
2026-04-20T01:10:39,INT-001,3,RED ON
2026-04-20T01:11:00,INT-001,4,GREEN ON
2026-04-20T01:11:35,INT-001,4,YELLOW ON
2026-04-20T01:11:39,INT-001,4,RED ON
2026-04-20T01:12:00,INT-001,1,GREEN ON
2026-04-20T01:12:35,INT-001,1,YELLOW ON
2026-04-20T01:12:39,INT-001,1,RED ON
2026-04-20T01:13:00,INT-001,2,GREEN ON
2026-04-20T01:13:35,INT-001,2,YELLOW ON
2026-04-20T01:13:39,INT-001,2,RED ON
2026-04-20T01:14:00,INT-001,3,GREEN ON
2026-04-20T01:14:35,INT-001,3,YELLOW ON
2026-04-20T01:14:39,INT-001,3,RED ON
2026-04-20T01:15:00,INT-001,4,GREEN ON
2026-04-20T01:15:35,INT-001,4,YELLOW ON
2026-04-20T01:15:39,INT-001,4,RED ON
2026-04-20T01:16:00,INT-001,1,GREEN ON
2026-04-20T01:16:35,INT-001,1,YELLOW ON
2026-04-20T01:16:39,INT-001,1,RED ON
2026-04-20T01:17:00,INT-001,2,GREEN ON
2026-04-20T01:17:35,INT-001,2,YELLOW ON
2026-04-20T01:17:39,INT-001,2,RED ON
2026-04-20T01:18:00,INT-001,3,GREEN ON
2026-04-20T01:18:35,INT-001,3,YELLOW ON
2026-04-20T01:18:39,INT-001,3,RED ON
2026-04-20T01:19:00,INT-001,4,GREEN ON
2026-04-20T01:19:35,INT-001,4,YELLOW ON
2026-04-20T01:19:39,INT-001,4,RED ON
2026-04-20T01:20:00,INT-001,1,GREEN ON
2026-04-20T01:20:35,INT-001,1,YELLOW ON
2026-04-20T01:20:39,INT-001,1,RED ON
2026-04-20T01:21:00,INT-001,2,GREEN ON
2026-04-20T01:21:35,INT-001,2,YELLOW ON
2026-04-20T01:21:39,INT-001,2,RED ON
2026-04-20T01:22:00,INT-001,3,GREEN ON
2026-04-20T01:22:35,INT-001,3,YELLOW ON
2026-04-20T01:22:39,INT-001,3,RED ON
2026-04-20T01:23:00,INT-001,4,GREEN ON
2026-04-20T01:23:35,INT-001,4,YELLOW ON
2026-04-20T01:23:39,INT-001,4,RED ON
2026-04-20T01:24:00,INT-001,1,GREEN ON
2026-04-20T01:24:35,INT-001,1,YELLOW ON
2026-04-20T01:24:39,INT-001,1,RED ON
2026-04-20T01:25:00,INT-001,2,GREEN ON
2026-04-20T01:25:35,INT-001,2,YELLOW ON
2026-04-20T01:25:39,INT-001,2,RED ON
2026-04-20T01:26:00,INT-001,3,GREEN ON
2026-04-20T01:26:35,INT-001,3,YELLOW ON
2026-04-20T01:26:39,INT-001,3,RED ON
2026-04-20T01:27:00,INT-001,4,GREEN ON
2026-04-20T01:27:35,INT-001,4,YELLOW ON
2026-04-20T01:27:39,INT-001,4,RED ON
2026-04-20T01:28:00,INT-001,1,GREEN ON
2026-04-20T01:28:35,INT-001,1,YELLOW ON
2026-04-20T01:28:39,INT-001,1,RED ON
2026-04-20T01:29:00,INT-001,2,GREEN ON
2026-04-20T01:29:35,INT-001,2,YELLOW ON
2026-04-20T01:29:39,INT-001,2,RED ON
2026-04-20T01:30:00,INT-001,3,GREEN ON
2026-04-20T01:30:35,INT-001,3,YELLOW ON
2026-04-20T01:30:39,INT-001,3,RED ON
2026-04-20T01:31:00,INT-001,4,GREEN ON
2026-04-20T01:31:35,INT-001,4,YELLOW ON
2026-04-20T01:31:39,INT-001,4,RED ON
2026-04-20T01:32:00,INT-001,1,GREEN ON
2026-04-20T01:32:35,INT-001,1,YELLOW ON
2026-04-20T01:32:39,INT-001,1,RED ON
2026-04-20T01:33:00,INT-001,2,GREEN ON
2026-04-20T01:33:35,INT-001,2,YELLOW ON
2026-04-20T01:33:39,INT-001,2,RED ON
2026-04-20T01:34:00,INT-001,3,GREEN ON
2026-04-20T01:34:35,INT-001,3,YELLOW ON
2026-04-20T01:34:39,INT-001,3,RED ON
2026-04-20T01:35:00,INT-001,4,GREEN ON
2026-04-20T01:35:35,INT-001,4,YELLOW ON
2026-04-20T01:35:39,INT-001,4,RED ON
2026-04-20T01:36:00,INT-001,1,GREEN ON
2026-04-20T01:36:35,INT-001,1,YELLOW ON
2026-04-20T01:36:39,INT-001,1,RED ON
2026-04-20T01:37:00,INT-001,2,GREEN ON
2026-04-20T01:37:35,INT-001,2,YELLOW ON
2026-04-20T01:37:39,INT-001,2,RED ON
2026-04-20T01:38:00,INT-001,3,GREEN ON
2026-04-20T01:38:35,INT-001,3,YELLOW ON
2026-04-20T01:38:39,INT-001,3,RED ON
2026-04-20T01:39:00,INT-001,4,GREEN ON
2026-04-20T01:39:35,INT-001,4,YELLOW ON
2026-04-20T01:39:39,INT-001,4,RED ON
2026-04-20T01:40:00,INT-001,1,GREEN ON
2026-04-20T01:40:35,INT-001,1,YELLOW ON
2026-04-20T01:40:39,INT-001,1,RED ON
2026-04-20T01:41:00,INT-001,2,GREEN ON
2026-04-20T01:41:35,INT-001,2,YELLOW ON
2026-04-20T01:41:39,INT-001,2,RED ON
2026-04-20T01:42:00,INT-001,3,GREEN ON
2026-04-20T01:42:35,INT-001,3,YELLOW ON
2026-04-20T01:42:39,INT-001,3,RED ON
2026-04-20T01:43:00,INT-001,4,GREEN ON
2026-04-20T01:43:35,INT-001,4,YELLOW ON
2026-04-20T01:43:39,INT-001,4,RED ON
2026-04-20T01:44:00,INT-001,1,GREEN ON
2026-04-20T01:44:35,INT-001,1,YELLOW ON
2026-04-20T01:44:39,INT-001,1,RED ON
2026-04-20T01:45:00,INT-001,2,GREEN ON
2026-04-20T01:45:35,INT-001,2,YELLOW ON
2026-04-20T01:45:39,INT-001,2,RED ON
2026-04-20T01:46:00,INT-001,3,GREEN ON
2026-04-20T01:46:35,INT-001,3,YELLOW ON
2026-04-20T01:46:39,INT-001,3,RED ON
2026-04-20T01:47:00,INT-001,4,GREEN ON
2026-04-20T01:47:35,INT-001,4,YELLOW ON
2026-04-20T01:47:39,INT-001,4,RED ON
2026-04-20T01:48:00,INT-001,1,GREEN ON
2026-04-20T01:48:35,INT-001,1,YELLOW ON
2026-04-20T01:48:39,INT-001,1,RED ON
2026-04-20T01:49:00,INT-001,2,GREEN ON
2026-04-20T01:49:35,INT-001,2,YELLOW ON
2026-04-20T01:49:39,INT-001,2,RED ON
2026-04-20T01:50:00,INT-001,3,GREEN ON
2026-04-20T01:50:35,INT-001,3,YELLOW ON
2026-04-20T01:50:39,INT-001,3,RED ON
2026-04-20T01:51:00,INT-001,4,GREEN ON
2026-04-20T01:51:35,INT-001,4,YELLOW ON
2026-04-20T01:51:39,INT-001,4,RED ON
2026-04-20T01:52:00,INT-001,1,GREEN ON
2026-04-20T01:52:35,INT-001,1,YELLOW ON
2026-04-20T01:52:39,INT-001,1,RED ON
2026-04-20T01:53:00,INT-001,2,GREEN ON
2026-04-20T01:53:35,INT-001,2,YELLOW ON
2026-04-20T01:53:39,INT-001,2,RED ON
2026-04-20T01:54:00,INT-001,3,GREEN ON
2026-04-20T01:54:35,INT-001,3,YELLOW ON
2026-04-20T01:54:39,INT-001,3,RED ON
2026-04-20T01:55:00,INT-001,4,GREEN ON
2026-04-20T01:55:35,INT-001,4,YELLOW ON
2026-04-20T01:55:39,INT-001,4,RED ON
2026-04-20T01:56:00,INT-001,1,GREEN ON
2026-04-20T01:56:35,INT-001,1,YELLOW ON
2026-04-20T01:56:39,INT-001,1,RED ON
2026-04-20T01:57:00,INT-001,2,GREEN ON
2026-04-20T01:57:35,INT-001,2,YELLOW ON
2026-04-20T01:57:39,INT-001,2,RED ON
2026-04-20T01:58:00,INT-001,3,GREEN ON
2026-04-20T01:58:35,INT-001,3,YELLOW ON
2026-04-20T01:58:39,INT-001,3,RED ON
2026-04-20T01:59:00,INT-001,4,GREEN ON
2026-04-20T01:59:35,INT-001,4,YELLOW ON
2026-04-20T01:59:39,INT-001,4,RED ON
2026-04-20T02:00:00,INT-001,1,GREEN ON
2026-04-20T02:00:35,INT-001,1,YELLOW ON
2026-04-20T02:00:39,INT-001,1,RED ON
2026-04-20T02:01:00,INT-001,2,GREEN ON
2026-04-20T02:01:35,INT-001,2,YELLOW ON
2026-04-20T02:01:39,INT-001,2,RED ON
2026-04-20T02:02:00,INT-001,3,GREEN ON
2026-04-20T02:02:35,INT-001,3,YELLOW ON
2026-04-20T02:02:39,INT-001,3,RED ON
2026-04-20T02:03:00,INT-001,4,GREEN ON
2026-04-20T02:03:35,INT-001,4,YELLOW ON
2026-04-20T02:03:39,INT-001,4,RED ON
2026-04-20T02:04:00,INT-001,1,GREEN ON
2026-04-20T02:04:35,INT-001,1,YELLOW ON
2026-04-20T02:04:39,INT-001,1,RED ON
2026-04-20T02:05:00,INT-001,2,GREEN ON
2026-04-20T02:05:35,INT-001,2,YELLOW ON
2026-04-20T02:05:39,INT-001,2,RED ON
2026-04-20T02:06:00,INT-001,3,GREEN ON
2026-04-20T02:06:35,INT-001,3,YELLOW ON
2026-04-20T02:06:39,INT-001,3,RED ON
2026-04-20T02:07:00,INT-001,4,GREEN ON
2026-04-20T02:07:35,INT-001,4,YELLOW ON
2026-04-20T02:07:39,INT-001,4,RED ON
2026-04-20T02:08:00,INT-001,1,GREEN ON
2026-04-20T02:08:35,INT-001,1,YELLOW ON
2026-04-20T02:08:39,INT-001,1,RED ON
2026-04-20T02:09:00,INT-001,2,GREEN ON
2026-04-20T02:09:35,INT-001,2,YELLOW ON
2026-04-20T02:09:39,INT-001,2,RED ON
2026-04-20T02:10:00,INT-001,3,GREEN ON
2026-04-20T02:10:35,INT-001,3,YELLOW ON
2026-04-20T02:10:39,INT-001,3,RED ON
2026-04-20T02:11:00,INT-001,4,GREEN ON
2026-04-20T02:11:35,INT-001,4,YELLOW ON
2026-04-20T02:11:39,INT-001,4,RED ON
2026-04-20T02:12:00,INT-001,1,GREEN ON
2026-04-20T02:12:35,INT-001,1,YELLOW ON
2026-04-20T02:12:39,INT-001,1,RED ON
2026-04-20T02:13:00,INT-001,2,GREEN ON
2026-04-20T02:13:35,INT-001,2,YELLOW ON
2026-04-20T02:13:39,INT-001,2,RED ON
2026-04-20T02:14:00,INT-001,3,GREEN ON
2026-04-20T02:14:35,INT-001,3,YELLOW ON
2026-04-20T02:14:39,INT-001,3,RED ON
2026-04-20T02:15:00,INT-001,4,GREEN ON
2026-04-20T02:15:35,INT-001,4,YELLOW ON
2026-04-20T02:15:39,INT-001,4,RED ON
2026-04-20T02:16:00,INT-001,1,GREEN ON
2026-04-20T02:16:35,INT-001,1,YELLOW ON
2026-04-20T02:16:39,INT-001,1,RED ON
2026-04-20T02:17:00,INT-001,2,GREEN ON
2026-04-20T02:17:35,INT-001,2,YELLOW ON
2026-04-20T02:17:39,INT-001,2,RED ON
2026-04-20T02:18:00,INT-001,3,GREEN ON
2026-04-20T02:18:35,INT-001,3,YELLOW ON
2026-04-20T02:18:39,INT-001,3,RED ON
2026-04-20T02:19:00,INT-001,4,GREEN ON
2026-04-20T02:19:35,INT-001,4,YELLOW ON
2026-04-20T02:19:39,INT-001,4,RED ON
2026-04-20T02:20:00,INT-001,1,GREEN ON
2026-04-20T02:20:35,INT-001,1,YELLOW ON
2026-04-20T02:20:39,INT-001,1,RED ON
2026-04-20T02:21:00,INT-001,2,GREEN ON
2026-04-20T02:21:35,INT-001,2,YELLOW ON
2026-04-20T02:21:39,INT-001,2,RED ON
2026-04-20T02:22:00,INT-001,3,GREEN ON
2026-04-20T02:22:35,INT-001,3,YELLOW ON
2026-04-20T02:22:39,INT-001,3,RED ON
2026-04-20T02:23:00,INT-001,4,GREEN ON
2026-04-20T02:23:35,INT-001,4,YELLOW ON
2026-04-20T02:23:39,INT-001,4,RED ON
2026-04-20T02:24:00,INT-001,1,GREEN ON
2026-04-20T02:24:35,INT-001,1,YELLOW ON
2026-04-20T02:24:39,INT-001,1,RED ON
2026-04-20T02:25:00,INT-001,2,GREEN ON
2026-04-20T02:25:35,INT-001,2,YELLOW ON
2026-04-20T02:25:39,INT-001,2,RED ON
2026-04-20T02:26:00,INT-001,3,GREEN ON
2026-04-20T02:26:35,INT-001,3,YELLOW ON
2026-04-20T02:26:39,INT-001,3,RED ON
2026-04-20T02:27:00,INT-001,4,GREEN ON
2026-04-20T02:27:35,INT-001,4,YELLOW ON
2026-04-20T02:27:39,INT-001,4,RED ON
2026-04-20T02:28:00,INT-001,1,GREEN ON
2026-04-20T02:28:35,INT-001,1,YELLOW ON
2026-04-20T02:28:39,INT-001,1,RED ON
2026-04-20T02:29:00,INT-001,2,GREEN ON
2026-04-20T02:29:35,INT-001,2,YELLOW ON
2026-04-20T02:29:39,INT-001,2,RED ON
2026-04-20T02:30:00,INT-001,3,GREEN ON
2026-04-20T02:30:35,INT-001,3,YELLOW ON
2026-04-20T02:30:39,INT-001,3,RED ON
2026-04-20T02:31:00,INT-001,4,GREEN ON
2026-04-20T02:31:35,INT-001,4,YELLOW ON
2026-04-20T02:31:39,INT-001,4,RED ON
2026-04-20T02:32:00,INT-001,1,GREEN ON
2026-04-20T02:32:35,INT-001,1,YELLOW ON
2026-04-20T02:32:39,INT-001,1,RED ON
2026-04-20T02:33:00,INT-001,2,GREEN ON
2026-04-20T02:33:35,INT-001,2,YELLOW ON
2026-04-20T02:33:39,INT-001,2,RED ON
2026-04-20T02:34:00,INT-001,3,GREEN ON
2026-04-20T02:34:35,INT-001,3,YELLOW ON
2026-04-20T02:34:39,INT-001,3,RED ON
2026-04-20T02:35:00,INT-001,4,GREEN ON
2026-04-20T02:35:35,INT-001,4,YELLOW ON
2026-04-20T02:35:39,INT-001,4,RED ON
2026-04-20T02:36:00,INT-001,1,GREEN ON
2026-04-20T02:36:35,INT-001,1,YELLOW ON
2026-04-20T02:36:39,INT-001,1,RED ON
2026-04-20T02:37:00,INT-001,2,GREEN ON
2026-04-20T02:37:35,INT-001,2,YELLOW ON
2026-04-20T02:37:39,INT-001,2,RED ON
2026-04-20T02:38:00,INT-001,3,GREEN ON
2026-04-20T02:38:35,INT-001,3,YELLOW ON
2026-04-20T02:38:39,INT-001,3,RED ON
2026-04-20T02:39:00,INT-001,4,GREEN ON
2026-04-20T02:39:35,INT-001,4,YELLOW ON
2026-04-20T02:39:39,INT-001,4,RED ON
2026-04-20T02:40:00,INT-001,1,GREEN ON
2026-04-20T02:40:35,INT-001,1,YELLOW ON
2026-04-20T02:40:39,INT-001,1,RED ON
2026-04-20T02:41:00,INT-001,2,GREEN ON
2026-04-20T02:41:35,INT-001,2,YELLOW ON
2026-04-20T02:41:39,INT-001,2,RED ON
2026-04-20T02:42:00,INT-001,3,GREEN ON
2026-04-20T02:42:35,INT-001,3,YELLOW ON
2026-04-20T02:42:39,INT-001,3,RED ON
2026-04-20T02:43:00,INT-001,4,GREEN ON
2026-04-20T02:43:35,INT-001,4,YELLOW ON
2026-04-20T02:43:39,INT-001,4,RED ON
2026-04-20T02:44:00,INT-001,1,GREEN ON
2026-04-20T02:44:35,INT-001,1,YELLOW ON
2026-04-20T02:44:39,INT-001,1,RED ON
2026-04-20T02:45:00,INT-001,2,GREEN ON
2026-04-20T02:45:35,INT-001,2,YELLOW ON
2026-04-20T02:45:39,INT-001,2,RED ON
2026-04-20T02:46:00,INT-001,3,GREEN ON
2026-04-20T02:46:35,INT-001,3,YELLOW ON
2026-04-20T02:46:39,INT-001,3,RED ON
2026-04-20T02:47:00,INT-001,4,GREEN ON
2026-04-20T02:47:35,INT-001,4,YELLOW ON
2026-04-20T02:47:39,INT-001,4,RED ON
2026-04-20T02:48:00,INT-001,1,GREEN ON
2026-04-20T02:48:35,INT-001,1,YELLOW ON
2026-04-20T02:48:39,INT-001,1,RED ON
2026-04-20T02:49:00,INT-001,2,GREEN ON
2026-04-20T02:49:35,INT-001,2,YELLOW ON
2026-04-20T02:49:39,INT-001,2,RED ON
2026-04-20T02:50:00,INT-001,3,GREEN ON
2026-04-20T02:50:35,INT-001,3,YELLOW ON
2026-04-20T02:50:39,INT-001,3,RED ON
2026-04-20T02:51:00,INT-001,4,GREEN ON
2026-04-20T02:51:35,INT-001,4,YELLOW ON
2026-04-20T02:51:39,INT-001,4,RED ON
2026-04-20T02:52:00,INT-001,1,GREEN ON
2026-04-20T02:52:35,INT-001,1,YELLOW ON
2026-04-20T02:52:39,INT-001,1,RED ON
2026-04-20T02:53:00,INT-001,2,GREEN ON
2026-04-20T02:53:35,INT-001,2,YELLOW ON
2026-04-20T02:53:39,INT-001,2,RED ON
2026-04-20T02:54:00,INT-001,3,GREEN ON
2026-04-20T02:54:35,INT-001,3,YELLOW ON
2026-04-20T02:54:39,INT-001,3,RED ON
2026-04-20T02:55:00,INT-001,4,GREEN ON
2026-04-20T02:55:35,INT-001,4,YELLOW ON
2026-04-20T02:55:39,INT-001,4,RED ON
2026-04-20T02:56:00,INT-001,1,GREEN ON
2026-04-20T02:56:35,INT-001,1,YELLOW ON
2026-04-20T02:56:39,INT-001,1,RED ON
2026-04-20T02:57:00,INT-001,2,GREEN ON
2026-04-20T02:57:35,INT-001,2,YELLOW ON
2026-04-20T02:57:39,INT-001,2,RED ON
2026-04-20T02:58:00,INT-001,3,GREEN ON
2026-04-20T02:58:35,INT-001,3,YELLOW ON
2026-04-20T02:58:39,INT-001,3,RED ON
2026-04-20T02:59:00,INT-001,4,GREEN ON
2026-04-20T02:59:35,INT-001,4,YELLOW ON
2026-04-20T02:59:39,INT-001,4,RED ON
2026-04-20T03:00:00,INT-001,1,GREEN ON
2026-04-20T03:00:35,INT-001,1,YELLOW ON
2026-04-20T03:00:39,INT-001,1,RED ON
2026-04-20T03:01:00,INT-001,2,GREEN ON
2026-04-20T03:01:35,INT-001,2,YELLOW ON
2026-04-20T03:01:39,INT-001,2,RED ON
2026-04-20T03:02:00,INT-001,3,GREEN ON
2026-04-20T03:02:35,INT-001,3,YELLOW ON
2026-04-20T03:02:39,INT-001,3,RED ON
2026-04-20T03:03:00,INT-001,4,GREEN ON
2026-04-20T03:03:35,INT-001,4,YELLOW ON
2026-04-20T03:03:39,INT-001,4,RED ON
2026-04-20T03:04:00,INT-001,1,GREEN ON
2026-04-20T03:04:35,INT-001,1,YELLOW ON
2026-04-20T03:04:39,INT-001,1,RED ON
2026-04-20T03:05:00,INT-001,2,GREEN ON
2026-04-20T03:05:35,INT-001,2,YELLOW ON
2026-04-20T03:05:39,INT-001,2,RED ON
2026-04-20T03:06:00,INT-001,3,GREEN ON
2026-04-20T03:06:35,INT-001,3,YELLOW ON
2026-04-20T03:06:39,INT-001,3,RED ON
2026-04-20T03:07:00,INT-001,4,GREEN ON
2026-04-20T03:07:35,INT-001,4,YELLOW ON
2026-04-20T03:07:39,INT-001,4,RED ON
2026-04-20T03:08:00,INT-001,1,GREEN ON
2026-04-20T03:08:35,INT-001,1,YELLOW ON
2026-04-20T03:08:39,INT-001,1,RED ON
2026-04-20T03:09:00,INT-001,2,GREEN ON
2026-04-20T03:09:35,INT-001,2,YELLOW ON
2026-04-20T03:09:39,INT-001,2,RED ON
2026-04-20T03:10:00,INT-001,3,GREEN ON
2026-04-20T03:10:35,INT-001,3,YELLOW ON
2026-04-20T03:10:39,INT-001,3,RED ON
2026-04-20T03:11:00,INT-001,4,GREEN ON
2026-04-20T03:11:35,INT-001,4,YELLOW ON
2026-04-20T03:11:39,INT-001,4,RED ON
2026-04-20T03:12:00,INT-001,1,GREEN ON
2026-04-20T03:12:35,INT-001,1,YELLOW ON
2026-04-20T03:12:39,INT-001,1,RED ON
2026-04-20T03:13:00,INT-001,2,GREEN ON
2026-04-20T03:13:35,INT-001,2,YELLOW ON
2026-04-20T03:13:39,INT-001,2,RED ON
2026-04-20T03:14:00,INT-001,3,GREEN ON
2026-04-20T03:14:35,INT-001,3,YELLOW ON
2026-04-20T03:14:39,INT-001,3,RED ON
2026-04-20T03:15:00,INT-001,4,GREEN ON
2026-04-20T03:15:35,INT-001,4,YELLOW ON
2026-04-20T03:15:39,INT-001,4,RED ON
2026-04-20T03:16:00,INT-001,1,GREEN ON
2026-04-20T03:16:35,INT-001,1,YELLOW ON
2026-04-20T03:16:39,INT-001,1,RED ON
2026-04-20T03:17:00,INT-001,2,GREEN ON
2026-04-20T03:17:35,INT-001,2,YELLOW ON
2026-04-20T03:17:39,INT-001,2,RED ON
2026-04-20T03:18:00,INT-001,3,GREEN ON
2026-04-20T03:18:35,INT-001,3,YELLOW ON
2026-04-20T03:18:39,INT-001,3,RED ON
2026-04-20T03:19:00,INT-001,4,GREEN ON
2026-04-20T03:19:35,INT-001,4,YELLOW ON
2026-04-20T03:19:39,INT-001,4,RED ON
2026-04-20T03:20:00,INT-001,1,GREEN ON
2026-04-20T03:20:35,INT-001,1,YELLOW ON
2026-04-20T03:20:39,INT-001,1,RED ON
2026-04-20T03:21:00,INT-001,2,GREEN ON
2026-04-20T03:21:35,INT-001,2,YELLOW ON
2026-04-20T03:21:39,INT-001,2,RED ON
2026-04-20T03:22:00,INT-001,3,GREEN ON
2026-04-20T03:22:35,INT-001,3,YELLOW ON
2026-04-20T03:22:39,INT-001,3,RED ON
2026-04-20T03:23:00,INT-001,4,GREEN ON
2026-04-20T03:23:35,INT-001,4,YELLOW ON
2026-04-20T03:23:39,INT-001,4,RED ON
2026-04-20T03:24:00,INT-001,1,GREEN ON
2026-04-20T03:24:35,INT-001,1,YELLOW ON
2026-04-20T03:24:39,INT-001,1,RED ON
2026-04-20T03:25:00,INT-001,2,GREEN ON
2026-04-20T03:25:35,INT-001,2,YELLOW ON
2026-04-20T03:25:39,INT-001,2,RED ON
2026-04-20T03:26:00,INT-001,3,GREEN ON
2026-04-20T03:26:35,INT-001,3,YELLOW ON
2026-04-20T03:26:39,INT-001,3,RED ON
2026-04-20T03:27:00,INT-001,4,GREEN ON
2026-04-20T03:27:35,INT-001,4,YELLOW ON
2026-04-20T03:27:39,INT-001,4,RED ON
2026-04-20T03:28:00,INT-001,1,GREEN ON
2026-04-20T03:28:35,INT-001,1,YELLOW ON
2026-04-20T03:28:39,INT-001,1,RED ON
2026-04-20T03:29:00,INT-001,2,GREEN ON
2026-04-20T03:29:35,INT-001,2,YELLOW ON
2026-04-20T03:29:39,INT-001,2,RED ON
2026-04-20T03:30:00,INT-001,3,GREEN ON
2026-04-20T03:30:35,INT-001,3,YELLOW ON
2026-04-20T03:30:39,INT-001,3,RED ON
2026-04-20T03:31:00,INT-001,4,GREEN ON
2026-04-20T03:31:35,INT-001,4,YELLOW ON
2026-04-20T03:31:39,INT-001,4,RED ON
2026-04-20T03:32:00,INT-001,1,GREEN ON
2026-04-20T03:32:35,INT-001,1,YELLOW ON
2026-04-20T03:32:39,INT-001,1,RED ON
2026-04-20T03:33:00,INT-001,2,GREEN ON
2026-04-20T03:33:35,INT-001,2,YELLOW ON
2026-04-20T03:33:39,INT-001,2,RED ON
2026-04-20T03:34:00,INT-001,3,GREEN ON
2026-04-20T03:34:35,INT-001,3,YELLOW ON
2026-04-20T03:34:39,INT-001,3,RED ON
2026-04-20T03:35:00,INT-001,4,GREEN ON
2026-04-20T03:35:35,INT-001,4,YELLOW ON
2026-04-20T03:35:39,INT-001,4,RED ON
2026-04-20T03:36:00,INT-001,1,GREEN ON
2026-04-20T03:36:35,INT-001,1,YELLOW ON
2026-04-20T03:36:39,INT-001,1,RED ON
2026-04-20T03:37:00,INT-001,2,GREEN ON
2026-04-20T03:37:35,INT-001,2,YELLOW ON
2026-04-20T03:37:39,INT-001,2,RED ON
2026-04-20T03:38:00,INT-001,3,GREEN ON
2026-04-20T03:38:35,INT-001,3,YELLOW ON
2026-04-20T03:38:39,INT-001,3,RED ON
2026-04-20T03:39:00,INT-001,4,GREEN ON
2026-04-20T03:39:35,INT-001,4,YELLOW ON
2026-04-20T03:39:39,INT-001,4,RED ON
2026-04-20T03:40:00,INT-001,1,GREEN ON
2026-04-20T03:40:35,INT-001,1,YELLOW ON
2026-04-20T03:40:39,INT-001,1,RED ON
2026-04-20T03:41:00,INT-001,2,GREEN ON
2026-04-20T03:41:35,INT-001,2,YELLOW ON
2026-04-20T03:41:39,INT-001,2,RED ON
2026-04-20T03:42:00,INT-001,3,GREEN ON
2026-04-20T03:42:35,INT-001,3,YELLOW ON
2026-04-20T03:42:39,INT-001,3,RED ON
2026-04-20T03:43:00,INT-001,4,GREEN ON
2026-04-20T03:43:35,INT-001,4,YELLOW ON
2026-04-20T03:43:39,INT-001,4,RED ON
2026-04-20T03:44:00,INT-001,1,GREEN ON
2026-04-20T03:44:35,INT-001,1,YELLOW ON
2026-04-20T03:44:39,INT-001,1,RED ON
2026-04-20T03:45:00,INT-001,2,GREEN ON
2026-04-20T03:45:35,INT-001,2,YELLOW ON
2026-04-20T03:45:39,INT-001,2,RED ON
2026-04-20T03:46:00,INT-001,3,GREEN ON
2026-04-20T03:46:35,INT-001,3,YELLOW ON
2026-04-20T03:46:39,INT-001,3,RED ON
2026-04-20T03:47:00,INT-001,4,GREEN ON
2026-04-20T03:47:35,INT-001,4,YELLOW ON
2026-04-20T03:47:39,INT-001,4,RED ON
2026-04-20T03:48:00,INT-001,1,GREEN ON
2026-04-20T03:48:35,INT-001,1,YELLOW ON
2026-04-20T03:48:39,INT-001,1,RED ON
2026-04-20T03:49:00,INT-001,2,GREEN ON
2026-04-20T03:49:35,INT-001,2,YELLOW ON
2026-04-20T03:49:39,INT-001,2,RED ON
2026-04-20T03:50:00,INT-001,3,GREEN ON
2026-04-20T03:50:35,INT-001,3,YELLOW ON
2026-04-20T03:50:39,INT-001,3,RED ON
2026-04-20T03:51:00,INT-001,4,GREEN ON
2026-04-20T03:51:35,INT-001,4,YELLOW ON
2026-04-20T03:51:39,INT-001,4,RED ON
2026-04-20T03:52:00,INT-001,1,GREEN ON
2026-04-20T03:52:35,INT-001,1,YELLOW ON
2026-04-20T03:52:39,INT-001,1,RED ON
2026-04-20T03:53:00,INT-001,2,GREEN ON
2026-04-20T03:53:35,INT-001,2,YELLOW ON
2026-04-20T03:53:39,INT-001,2,RED ON
2026-04-20T03:54:00,INT-001,3,GREEN ON
2026-04-20T03:54:35,INT-001,3,YELLOW ON
2026-04-20T03:54:39,INT-001,3,RED ON
2026-04-20T03:55:00,INT-001,4,GREEN ON
2026-04-20T03:55:35,INT-001,4,YELLOW ON
2026-04-20T03:55:39,INT-001,4,RED ON
2026-04-20T03:56:00,INT-001,1,GREEN ON
2026-04-20T03:56:35,INT-001,1,YELLOW ON
2026-04-20T03:56:39,INT-001,1,RED ON
2026-04-20T03:57:00,INT-001,2,GREEN ON
2026-04-20T03:57:35,INT-001,2,YELLOW ON
2026-04-20T03:57:39,INT-001,2,RED ON
2026-04-20T03:58:00,INT-001,3,GREEN ON
2026-04-20T03:58:35,INT-001,3,YELLOW ON
2026-04-20T03:58:39,INT-001,3,RED ON
2026-04-20T03:59:00,INT-001,4,GREEN ON
2026-04-20T03:59:35,INT-001,4,YELLOW ON
2026-04-20T03:59:39,INT-001,4,RED ON
2026-04-20T04:00:00,INT-001,1,GREEN ON
2026-04-20T04:00:35,INT-001,1,YELLOW ON
2026-04-20T04:00:39,INT-001,1,RED ON
2026-04-20T04:01:00,INT-001,2,GREEN ON
2026-04-20T04:01:35,INT-001,2,YELLOW ON
2026-04-20T04:01:39,INT-001,2,RED ON
2026-04-20T04:02:00,INT-001,3,GREEN ON
2026-04-20T04:02:35,INT-001,3,YELLOW ON
2026-04-20T04:02:39,INT-001,3,RED ON
2026-04-20T04:03:00,INT-001,4,GREEN ON
2026-04-20T04:03:35,INT-001,4,YELLOW ON
2026-04-20T04:03:39,INT-001,4,RED ON
2026-04-20T04:04:00,INT-001,1,GREEN ON
2026-04-20T04:04:35,INT-001,1,YELLOW ON
2026-04-20T04:04:39,INT-001,1,RED ON
2026-04-20T04:05:00,INT-001,2,GREEN ON
2026-04-20T04:05:35,INT-001,2,YELLOW ON
2026-04-20T04:05:39,INT-001,2,RED ON
2026-04-20T04:06:00,INT-001,3,GREEN ON
2026-04-20T04:06:35,INT-001,3,YELLOW ON
2026-04-20T04:06:39,INT-001,3,RED ON
2026-04-20T04:07:00,INT-001,4,GREEN ON
2026-04-20T04:07:35,INT-001,4,YELLOW ON
2026-04-20T04:07:39,INT-001,4,RED ON
2026-04-20T04:08:00,INT-001,1,GREEN ON
2026-04-20T04:08:35,INT-001,1,YELLOW ON
2026-04-20T04:08:39,INT-001,1,RED ON
2026-04-20T04:09:00,INT-001,2,GREEN ON
2026-04-20T04:09:35,INT-001,2,YELLOW ON
2026-04-20T04:09:39,INT-001,2,RED ON
2026-04-20T04:10:00,INT-001,3,GREEN ON
2026-04-20T04:10:35,INT-001,3,YELLOW ON
2026-04-20T04:10:39,INT-001,3,RED ON
2026-04-20T04:11:00,INT-001,4,GREEN ON
2026-04-20T04:11:35,INT-001,4,YELLOW ON
2026-04-20T04:11:39,INT-001,4,RED ON
2026-04-20T04:12:00,INT-001,1,GREEN ON
2026-04-20T04:12:35,INT-001,1,YELLOW ON
2026-04-20T04:12:39,INT-001,1,RED ON
2026-04-20T04:13:00,INT-001,2,GREEN ON
2026-04-20T04:13:35,INT-001,2,YELLOW ON
2026-04-20T04:13:39,INT-001,2,RED ON
2026-04-20T04:14:00,INT-001,3,GREEN ON
2026-04-20T04:14:35,INT-001,3,YELLOW ON
2026-04-20T04:14:39,INT-001,3,RED ON
2026-04-20T04:15:00,INT-001,4,GREEN ON
2026-04-20T04:15:35,INT-001,4,YELLOW ON
2026-04-20T04:15:39,INT-001,4,RED ON
2026-04-20T04:16:00,INT-001,1,GREEN ON
2026-04-20T04:16:35,INT-001,1,YELLOW ON
2026-04-20T04:16:39,INT-001,1,RED ON
2026-04-20T04:17:00,INT-001,2,GREEN ON
2026-04-20T04:17:35,INT-001,2,YELLOW ON
2026-04-20T04:17:39,INT-001,2,RED ON
2026-04-20T04:18:00,INT-001,3,GREEN ON
2026-04-20T04:18:35,INT-001,3,YELLOW ON
2026-04-20T04:18:39,INT-001,3,RED ON
2026-04-20T04:19:00,INT-001,4,GREEN ON
2026-04-20T04:19:35,INT-001,4,YELLOW ON
2026-04-20T04:19:39,INT-001,4,RED ON
2026-04-20T04:20:00,INT-001,1,GREEN ON
2026-04-20T04:20:35,INT-001,1,YELLOW ON
2026-04-20T04:20:39,INT-001,1,RED ON
2026-04-20T04:21:00,INT-001,2,GREEN ON
2026-04-20T04:21:35,INT-001,2,YELLOW ON
2026-04-20T04:21:39,INT-001,2,RED ON
2026-04-20T04:22:00,INT-001,3,GREEN ON
2026-04-20T04:22:35,INT-001,3,YELLOW ON
2026-04-20T04:22:39,INT-001,3,RED ON
2026-04-20T04:23:00,INT-001,4,GREEN ON
2026-04-20T04:23:35,INT-001,4,YELLOW ON
2026-04-20T04:23:39,INT-001,4,RED ON
2026-04-20T04:24:00,INT-001,1,GREEN ON
2026-04-20T04:24:35,INT-001,1,YELLOW ON
2026-04-20T04:24:39,INT-001,1,RED ON
2026-04-20T04:25:00,INT-001,2,GREEN ON
2026-04-20T04:25:35,INT-001,2,YELLOW ON
2026-04-20T04:25:39,INT-001,2,RED ON
2026-04-20T04:26:00,INT-001,3,GREEN ON
2026-04-20T04:26:35,INT-001,3,YELLOW ON
2026-04-20T04:26:39,INT-001,3,RED ON
2026-04-20T04:27:00,INT-001,4,GREEN ON
2026-04-20T04:27:35,INT-001,4,YELLOW ON
2026-04-20T04:27:39,INT-001,4,RED ON
2026-04-20T04:28:00,INT-001,1,GREEN ON
2026-04-20T04:28:35,INT-001,1,YELLOW ON
2026-04-20T04:28:39,INT-001,1,RED ON
2026-04-20T04:29:00,INT-001,2,GREEN ON
2026-04-20T04:29:35,INT-001,2,YELLOW ON
2026-04-20T04:29:39,INT-001,2,RED ON
2026-04-20T04:30:00,INT-001,3,GREEN ON
2026-04-20T04:30:35,INT-001,3,YELLOW ON
2026-04-20T04:30:39,INT-001,3,RED ON
2026-04-20T04:31:00,INT-001,4,GREEN ON
2026-04-20T04:31:35,INT-001,4,YELLOW ON
2026-04-20T04:31:39,INT-001,4,RED ON
2026-04-20T04:32:00,INT-001,1,GREEN ON
2026-04-20T04:32:35,INT-001,1,YELLOW ON
2026-04-20T04:32:39,INT-001,1,RED ON
2026-04-20T04:33:00,INT-001,2,GREEN ON
2026-04-20T04:33:35,INT-001,2,YELLOW ON
2026-04-20T04:33:39,INT-001,2,RED ON
2026-04-20T04:34:00,INT-001,3,GREEN ON
2026-04-20T04:34:35,INT-001,3,YELLOW ON
2026-04-20T04:34:39,INT-001,3,RED ON
2026-04-20T04:35:00,INT-001,4,GREEN ON
2026-04-20T04:35:35,INT-001,4,YELLOW ON
2026-04-20T04:35:39,INT-001,4,RED ON
2026-04-20T04:36:00,INT-001,1,GREEN ON
2026-04-20T04:36:35,INT-001,1,YELLOW ON
2026-04-20T04:36:39,INT-001,1,RED ON
2026-04-20T04:37:00,INT-001,2,GREEN ON
2026-04-20T04:37:35,INT-001,2,YELLOW ON
2026-04-20T04:37:39,INT-001,2,RED ON
2026-04-20T04:38:00,INT-001,3,GREEN ON
2026-04-20T04:38:35,INT-001,3,YELLOW ON
2026-04-20T04:38:39,INT-001,3,RED ON
2026-04-20T04:39:00,INT-001,4,GREEN ON
2026-04-20T04:39:35,INT-001,4,YELLOW ON
2026-04-20T04:39:39,INT-001,4,RED ON
2026-04-20T04:40:00,INT-001,1,GREEN ON
2026-04-20T04:40:35,INT-001,1,YELLOW ON
2026-04-20T04:40:39,INT-001,1,RED ON
2026-04-20T04:41:00,INT-001,2,GREEN ON
2026-04-20T04:41:35,INT-001,2,YELLOW ON
2026-04-20T04:41:39,INT-001,2,RED ON
2026-04-20T04:42:00,INT-001,3,GREEN ON
2026-04-20T04:42:35,INT-001,3,YELLOW ON
2026-04-20T04:42:39,INT-001,3,RED ON
2026-04-20T04:43:00,INT-001,4,GREEN ON
2026-04-20T04:43:35,INT-001,4,YELLOW ON
2026-04-20T04:43:39,INT-001,4,RED ON
2026-04-20T04:44:00,INT-001,1,GREEN ON
2026-04-20T04:44:35,INT-001,1,YELLOW ON
2026-04-20T04:44:39,INT-001,1,RED ON
2026-04-20T04:45:00,INT-001,2,GREEN ON
2026-04-20T04:45:35,INT-001,2,YELLOW ON
2026-04-20T04:45:39,INT-001,2,RED ON
2026-04-20T04:46:00,INT-001,3,GREEN ON
2026-04-20T04:46:35,INT-001,3,YELLOW ON
2026-04-20T04:46:39,INT-001,3,RED ON
2026-04-20T04:47:00,INT-001,4,GREEN ON
2026-04-20T04:47:35,INT-001,4,YELLOW ON
2026-04-20T04:47:39,INT-001,4,RED ON
2026-04-20T04:48:00,INT-001,1,GREEN ON
2026-04-20T04:48:35,INT-001,1,YELLOW ON
2026-04-20T04:48:39,INT-001,1,RED ON
2026-04-20T04:49:00,INT-001,2,GREEN ON
2026-04-20T04:49:35,INT-001,2,YELLOW ON
2026-04-20T04:49:39,INT-001,2,RED ON
2026-04-20T04:50:00,INT-001,3,GREEN ON
2026-04-20T04:50:35,INT-001,3,YELLOW ON
2026-04-20T04:50:39,INT-001,3,RED ON
2026-04-20T04:51:00,INT-001,4,GREEN ON
2026-04-20T04:51:35,INT-001,4,YELLOW ON
2026-04-20T04:51:39,INT-001,4,RED ON
2026-04-20T04:52:00,INT-001,1,GREEN ON
2026-04-20T04:52:35,INT-001,1,YELLOW ON
2026-04-20T04:52:39,INT-001,1,RED ON
2026-04-20T04:53:00,INT-001,2,GREEN ON
2026-04-20T04:53:35,INT-001,2,YELLOW ON
2026-04-20T04:53:39,INT-001,2,RED ON
2026-04-20T04:54:00,INT-001,3,GREEN ON
2026-04-20T04:54:35,INT-001,3,YELLOW ON
2026-04-20T04:54:39,INT-001,3,RED ON
2026-04-20T04:55:00,INT-001,4,GREEN ON
2026-04-20T04:55:35,INT-001,4,YELLOW ON
2026-04-20T04:55:39,INT-001,4,RED ON
2026-04-20T04:56:00,INT-001,1,GREEN ON
2026-04-20T04:56:35,INT-001,1,YELLOW ON
2026-04-20T04:56:39,INT-001,1,RED ON
2026-04-20T04:57:00,INT-001,2,GREEN ON
2026-04-20T04:57:35,INT-001,2,YELLOW ON
2026-04-20T04:57:39,INT-001,2,RED ON
2026-04-20T04:58:00,INT-001,3,GREEN ON
2026-04-20T04:58:35,INT-001,3,YELLOW ON
2026-04-20T04:58:39,INT-001,3,RED ON
2026-04-20T04:59:00,INT-001,4,GREEN ON
2026-04-20T04:59:35,INT-001,4,YELLOW ON
2026-04-20T04:59:39,INT-001,4,RED ON
2026-04-20T05:00:00,INT-001,1,GREEN ON
2026-04-20T05:00:35,INT-001,1,YELLOW ON
2026-04-20T05:00:39,INT-001,1,RED ON
2026-04-20T05:01:00,INT-001,2,GREEN ON
2026-04-20T05:01:35,INT-001,2,YELLOW ON
2026-04-20T05:01:39,INT-001,2,RED ON
2026-04-20T05:02:00,INT-001,3,GREEN ON
2026-04-20T05:02:35,INT-001,3,YELLOW ON
2026-04-20T05:02:39,INT-001,3,RED ON
2026-04-20T05:03:00,INT-001,4,GREEN ON
2026-04-20T05:03:35,INT-001,4,YELLOW ON
2026-04-20T05:03:39,INT-001,4,RED ON
2026-04-20T05:04:00,INT-001,1,GREEN ON
2026-04-20T05:04:35,INT-001,1,YELLOW ON
2026-04-20T05:04:39,INT-001,1,RED ON
2026-04-20T05:05:00,INT-001,2,GREEN ON
2026-04-20T05:05:35,INT-001,2,YELLOW ON
2026-04-20T05:05:39,INT-001,2,RED ON
2026-04-20T05:06:00,INT-001,3,GREEN ON
2026-04-20T05:06:35,INT-001,3,YELLOW ON
2026-04-20T05:06:39,INT-001,3,RED ON
2026-04-20T05:07:00,INT-001,4,GREEN ON
2026-04-20T05:07:35,INT-001,4,YELLOW ON
2026-04-20T05:07:39,INT-001,4,RED ON
2026-04-20T05:08:00,INT-001,1,GREEN ON
2026-04-20T05:08:35,INT-001,1,YELLOW ON
2026-04-20T05:08:39,INT-001,1,RED ON
2026-04-20T05:09:00,INT-001,2,GREEN ON
2026-04-20T05:09:35,INT-001,2,YELLOW ON
2026-04-20T05:09:39,INT-001,2,RED ON
2026-04-20T05:10:00,INT-001,3,GREEN ON
2026-04-20T05:10:35,INT-001,3,YELLOW ON
2026-04-20T05:10:39,INT-001,3,RED ON
2026-04-20T05:11:00,INT-001,4,GREEN ON
2026-04-20T05:11:35,INT-001,4,YELLOW ON
2026-04-20T05:11:39,INT-001,4,RED ON
2026-04-20T05:12:00,INT-001,1,GREEN ON
2026-04-20T05:12:35,INT-001,1,YELLOW ON
2026-04-20T05:12:39,INT-001,1,RED ON
2026-04-20T05:13:00,INT-001,2,GREEN ON
2026-04-20T05:13:35,INT-001,2,YELLOW ON
2026-04-20T05:13:39,INT-001,2,RED ON
2026-04-20T05:14:00,INT-001,3,GREEN ON
2026-04-20T05:14:35,INT-001,3,YELLOW ON
2026-04-20T05:14:39,INT-001,3,RED ON
2026-04-20T05:15:00,INT-001,4,GREEN ON
2026-04-20T05:15:35,INT-001,4,YELLOW ON
2026-04-20T05:15:39,INT-001,4,RED ON
2026-04-20T05:16:00,INT-001,1,GREEN ON
2026-04-20T05:16:35,INT-001,1,YELLOW ON
2026-04-20T05:16:39,INT-001,1,RED ON
2026-04-20T05:17:00,INT-001,2,GREEN ON
2026-04-20T05:17:35,INT-001,2,YELLOW ON
2026-04-20T05:17:39,INT-001,2,RED ON
2026-04-20T05:18:00,INT-001,3,GREEN ON
2026-04-20T05:18:35,INT-001,3,YELLOW ON
2026-04-20T05:18:39,INT-001,3,RED ON
2026-04-20T05:19:00,INT-001,4,GREEN ON
2026-04-20T05:19:35,INT-001,4,YELLOW ON
2026-04-20T05:19:39,INT-001,4,RED ON
2026-04-20T05:20:00,INT-001,1,GREEN ON
2026-04-20T05:20:35,INT-001,1,YELLOW ON
2026-04-20T05:20:39,INT-001,1,RED ON
2026-04-20T05:21:00,INT-001,2,GREEN ON
2026-04-20T05:21:35,INT-001,2,YELLOW ON
2026-04-20T05:21:39,INT-001,2,RED ON
2026-04-20T05:22:00,INT-001,3,GREEN ON
2026-04-20T05:22:35,INT-001,3,YELLOW ON
2026-04-20T05:22:39,INT-001,3,RED ON
2026-04-20T05:23:00,INT-001,4,GREEN ON
2026-04-20T05:23:35,INT-001,4,YELLOW ON
2026-04-20T05:23:39,INT-001,4,RED ON
2026-04-20T05:24:00,INT-001,1,GREEN ON
2026-04-20T05:24:35,INT-001,1,YELLOW ON
2026-04-20T05:24:39,INT-001,1,RED ON
2026-04-20T05:25:00,INT-001,2,GREEN ON
2026-04-20T05:25:35,INT-001,2,YELLOW ON
2026-04-20T05:25:39,INT-001,2,RED ON
2026-04-20T05:26:00,INT-001,3,GREEN ON
2026-04-20T05:26:35,INT-001,3,YELLOW ON
2026-04-20T05:26:39,INT-001,3,RED ON
2026-04-20T05:27:00,INT-001,4,GREEN ON
2026-04-20T05:27:35,INT-001,4,YELLOW ON
2026-04-20T05:27:39,INT-001,4,RED ON
2026-04-20T05:28:00,INT-001,1,GREEN ON
2026-04-20T05:28:35,INT-001,1,YELLOW ON
2026-04-20T05:28:39,INT-001,1,RED ON
2026-04-20T05:29:00,INT-001,2,GREEN ON
2026-04-20T05:29:35,INT-001,2,YELLOW ON
2026-04-20T05:29:39,INT-001,2,RED ON
2026-04-20T05:30:00,INT-001,3,GREEN ON
2026-04-20T05:30:35,INT-001,3,YELLOW ON
2026-04-20T05:30:39,INT-001,3,RED ON
2026-04-20T05:31:00,INT-001,4,GREEN ON
2026-04-20T05:31:35,INT-001,4,YELLOW ON
2026-04-20T05:31:39,INT-001,4,RED ON
2026-04-20T05:32:00,INT-001,1,GREEN ON
2026-04-20T05:32:35,INT-001,1,YELLOW ON
2026-04-20T05:32:39,INT-001,1,RED ON
2026-04-20T05:33:00,INT-001,2,GREEN ON
2026-04-20T05:33:35,INT-001,2,YELLOW ON
2026-04-20T05:33:39,INT-001,2,RED ON
2026-04-20T05:34:00,INT-001,3,GREEN ON
2026-04-20T05:34:35,INT-001,3,YELLOW ON
2026-04-20T05:34:39,INT-001,3,RED ON
2026-04-20T05:35:00,INT-001,4,GREEN ON
2026-04-20T05:35:35,INT-001,4,YELLOW ON
2026-04-20T05:35:39,INT-001,4,RED ON
2026-04-20T05:36:00,INT-001,1,GREEN ON
2026-04-20T05:36:35,INT-001,1,YELLOW ON
2026-04-20T05:36:39,INT-001,1,RED ON
2026-04-20T05:37:00,INT-001,2,GREEN ON
2026-04-20T05:37:35,INT-001,2,YELLOW ON
2026-04-20T05:37:39,INT-001,2,RED ON
2026-04-20T05:38:00,INT-001,3,GREEN ON
2026-04-20T05:38:35,INT-001,3,YELLOW ON
2026-04-20T05:38:39,INT-001,3,RED ON
2026-04-20T05:39:00,INT-001,4,GREEN ON
2026-04-20T05:39:35,INT-001,4,YELLOW ON
2026-04-20T05:39:39,INT-001,4,RED ON
2026-04-20T05:40:00,INT-001,1,GREEN ON
2026-04-20T05:40:35,INT-001,1,YELLOW ON
2026-04-20T05:40:39,INT-001,1,RED ON
2026-04-20T05:41:00,INT-001,2,GREEN ON
2026-04-20T05:41:35,INT-001,2,YELLOW ON
2026-04-20T05:41:39,INT-001,2,RED ON
2026-04-20T05:42:00,INT-001,3,GREEN ON
2026-04-20T05:42:35,INT-001,3,YELLOW ON
2026-04-20T05:42:39,INT-001,3,RED ON
2026-04-20T05:43:00,INT-001,4,GREEN ON
2026-04-20T05:43:35,INT-001,4,YELLOW ON
2026-04-20T05:43:39,INT-001,4,RED ON
2026-04-20T05:44:00,INT-001,1,GREEN ON
2026-04-20T05:44:35,INT-001,1,YELLOW ON
2026-04-20T05:44:39,INT-001,1,RED ON
2026-04-20T05:45:00,INT-001,2,GREEN ON
2026-04-20T05:45:35,INT-001,2,YELLOW ON
2026-04-20T05:45:39,INT-001,2,RED ON
2026-04-20T05:46:00,INT-001,3,GREEN ON
2026-04-20T05:46:35,INT-001,3,YELLOW ON
2026-04-20T05:46:39,INT-001,3,RED ON
2026-04-20T05:47:00,INT-001,4,GREEN ON
2026-04-20T05:47:35,INT-001,4,YELLOW ON
2026-04-20T05:47:39,INT-001,4,RED ON
2026-04-20T05:48:00,INT-001,1,GREEN ON
2026-04-20T05:48:35,INT-001,1,YELLOW ON
2026-04-20T05:48:39,INT-001,1,RED ON
2026-04-20T05:49:00,INT-001,2,GREEN ON
2026-04-20T05:49:35,INT-001,2,YELLOW ON
2026-04-20T05:49:39,INT-001,2,RED ON
2026-04-20T05:50:00,INT-001,3,GREEN ON
2026-04-20T05:50:35,INT-001,3,YELLOW ON
2026-04-20T05:50:39,INT-001,3,RED ON
2026-04-20T05:51:00,INT-001,4,GREEN ON
2026-04-20T05:51:35,INT-001,4,YELLOW ON
2026-04-20T05:51:39,INT-001,4,RED ON
2026-04-20T05:52:00,INT-001,1,GREEN ON
2026-04-20T05:52:35,INT-001,1,YELLOW ON
2026-04-20T05:52:39,INT-001,1,RED ON
2026-04-20T05:53:00,INT-001,2,GREEN ON
2026-04-20T05:53:35,INT-001,2,YELLOW ON
2026-04-20T05:53:39,INT-001,2,RED ON
2026-04-20T05:54:00,INT-001,3,GREEN ON
2026-04-20T05:54:35,INT-001,3,YELLOW ON
2026-04-20T05:54:39,INT-001,3,RED ON
2026-04-20T05:55:00,INT-001,4,GREEN ON
2026-04-20T05:55:35,INT-001,4,YELLOW ON
2026-04-20T05:55:39,INT-001,4,RED ON
2026-04-20T05:56:00,INT-001,1,GREEN ON
2026-04-20T05:56:35,INT-001,1,YELLOW ON
2026-04-20T05:56:39,INT-001,1,RED ON
2026-04-20T05:57:00,INT-001,2,GREEN ON
2026-04-20T05:57:35,INT-001,2,YELLOW ON
2026-04-20T05:57:39,INT-001,2,RED ON
2026-04-20T05:58:00,INT-001,3,GREEN ON
2026-04-20T05:58:35,INT-001,3,YELLOW ON
2026-04-20T05:58:39,INT-001,3,RED ON
2026-04-20T05:59:00,INT-001,4,GREEN ON
2026-04-20T05:59:35,INT-001,4,YELLOW ON
2026-04-20T05:59:39,INT-001,4,RED ON
2026-04-20T06:00:00,INT-001,1,GREEN ON
2026-04-20T06:00:35,INT-001,1,YELLOW ON
2026-04-20T06:00:39,INT-001,1,RED ON
2026-04-20T06:01:00,INT-001,2,GREEN ON
2026-04-20T06:01:35,INT-001,2,YELLOW ON
2026-04-20T06:01:39,INT-001,2,RED ON
2026-04-20T06:02:00,INT-001,3,GREEN ON
2026-04-20T06:02:35,INT-001,3,YELLOW ON
2026-04-20T06:02:39,INT-001,3,RED ON
2026-04-20T06:03:00,INT-001,4,GREEN ON
2026-04-20T06:03:35,INT-001,4,YELLOW ON
2026-04-20T06:03:39,INT-001,4,RED ON
2026-04-20T06:04:00,INT-001,1,GREEN ON
2026-04-20T06:04:35,INT-001,1,YELLOW ON
2026-04-20T06:04:39,INT-001,1,RED ON
2026-04-20T06:05:00,INT-001,2,GREEN ON
2026-04-20T06:05:35,INT-001,2,YELLOW ON
2026-04-20T06:05:39,INT-001,2,RED ON
2026-04-20T06:06:00,INT-001,3,GREEN ON
2026-04-20T06:06:35,INT-001,3,YELLOW ON
2026-04-20T06:06:39,INT-001,3,RED ON
2026-04-20T06:07:00,INT-001,4,GREEN ON
2026-04-20T06:07:35,INT-001,4,YELLOW ON
2026-04-20T06:07:39,INT-001,4,RED ON
2026-04-20T06:08:00,INT-001,1,GREEN ON
2026-04-20T06:08:35,INT-001,1,YELLOW ON
2026-04-20T06:08:39,INT-001,1,RED ON
2026-04-20T06:09:00,INT-001,2,GREEN ON
2026-04-20T06:09:35,INT-001,2,YELLOW ON
2026-04-20T06:09:39,INT-001,2,RED ON
2026-04-20T06:10:00,INT-001,3,GREEN ON
2026-04-20T06:10:35,INT-001,3,YELLOW ON
2026-04-20T06:10:39,INT-001,3,RED ON
2026-04-20T06:11:00,INT-001,4,GREEN ON
2026-04-20T06:11:35,INT-001,4,YELLOW ON
2026-04-20T06:11:39,INT-001,4,RED ON
2026-04-20T06:12:00,INT-001,1,GREEN ON
2026-04-20T06:12:35,INT-001,1,YELLOW ON
2026-04-20T06:12:39,INT-001,1,RED ON
2026-04-20T06:13:00,INT-001,2,GREEN ON
2026-04-20T06:13:35,INT-001,2,YELLOW ON
2026-04-20T06:13:39,INT-001,2,RED ON
2026-04-20T06:14:00,INT-001,3,GREEN ON
2026-04-20T06:14:35,INT-001,3,YELLOW ON
2026-04-20T06:14:39,INT-001,3,RED ON
2026-04-20T06:15:00,INT-001,4,GREEN ON
2026-04-20T06:15:35,INT-001,4,YELLOW ON
2026-04-20T06:15:39,INT-001,4,RED ON
2026-04-20T06:16:00,INT-001,1,GREEN ON
2026-04-20T06:16:35,INT-001,1,YELLOW ON
2026-04-20T06:16:39,INT-001,1,RED ON
2026-04-20T06:17:00,INT-001,2,GREEN ON
2026-04-20T06:17:35,INT-001,2,YELLOW ON
2026-04-20T06:17:39,INT-001,2,RED ON
2026-04-20T06:18:00,INT-001,3,GREEN ON
2026-04-20T06:18:35,INT-001,3,YELLOW ON
2026-04-20T06:18:39,INT-001,3,RED ON
2026-04-20T06:19:00,INT-001,4,GREEN ON
2026-04-20T06:19:35,INT-001,4,YELLOW ON
2026-04-20T06:19:39,INT-001,4,RED ON
2026-04-20T06:20:00,INT-001,1,GREEN ON
2026-04-20T06:20:35,INT-001,1,YELLOW ON
2026-04-20T06:20:39,INT-001,1,RED ON
2026-04-20T06:21:00,INT-001,2,GREEN ON
2026-04-20T06:21:35,INT-001,2,YELLOW ON
2026-04-20T06:21:39,INT-001,2,RED ON
2026-04-20T06:22:00,INT-001,3,GREEN ON
2026-04-20T06:22:35,INT-001,3,YELLOW ON
2026-04-20T06:22:39,INT-001,3,RED ON
2026-04-20T06:23:00,INT-001,4,GREEN ON
2026-04-20T06:23:35,INT-001,4,YELLOW ON
2026-04-20T06:23:39,INT-001,4,RED ON
2026-04-20T06:24:00,INT-001,1,GREEN ON
2026-04-20T06:24:35,INT-001,1,YELLOW ON
2026-04-20T06:24:39,INT-001,1,RED ON
2026-04-20T06:25:00,INT-001,2,GREEN ON
2026-04-20T06:25:35,INT-001,2,YELLOW ON
2026-04-20T06:25:39,INT-001,2,RED ON
2026-04-20T06:26:00,INT-001,3,GREEN ON
2026-04-20T06:26:35,INT-001,3,YELLOW ON
2026-04-20T06:26:39,INT-001,3,RED ON
2026-04-20T06:27:00,INT-001,4,GREEN ON
2026-04-20T06:27:35,INT-001,4,YELLOW ON
2026-04-20T06:27:39,INT-001,4,RED ON
2026-04-20T06:28:00,INT-001,1,GREEN ON
2026-04-20T06:28:35,INT-001,1,YELLOW ON
2026-04-20T06:28:39,INT-001,1,RED ON
2026-04-20T06:29:00,INT-001,2,GREEN ON
2026-04-20T06:29:35,INT-001,2,YELLOW ON
2026-04-20T06:29:39,INT-001,2,RED ON
2026-04-20T06:30:00,INT-001,3,GREEN ON
2026-04-20T06:30:35,INT-001,3,YELLOW ON
2026-04-20T06:30:39,INT-001,3,RED ON
2026-04-20T06:31:00,INT-001,4,GREEN ON
2026-04-20T06:31:35,INT-001,4,YELLOW ON
2026-04-20T06:31:39,INT-001,4,RED ON
2026-04-20T06:32:00,INT-001,1,GREEN ON
2026-04-20T06:32:35,INT-001,1,YELLOW ON
2026-04-20T06:32:39,INT-001,1,RED ON
2026-04-20T06:33:00,INT-001,2,GREEN ON
2026-04-20T06:33:35,INT-001,2,YELLOW ON
2026-04-20T06:33:39,INT-001,2,RED ON
2026-04-20T06:34:00,INT-001,3,GREEN ON
2026-04-20T06:34:35,INT-001,3,YELLOW ON
2026-04-20T06:34:39,INT-001,3,RED ON
2026-04-20T06:35:00,INT-001,4,GREEN ON
2026-04-20T06:35:35,INT-001,4,YELLOW ON
2026-04-20T06:35:39,INT-001,4,RED ON
2026-04-20T06:36:00,INT-001,1,GREEN ON
2026-04-20T06:36:35,INT-001,1,YELLOW ON
2026-04-20T06:36:39,INT-001,1,RED ON
2026-04-20T06:37:00,INT-001,2,GREEN ON
2026-04-20T06:37:35,INT-001,2,YELLOW ON
2026-04-20T06:37:39,INT-001,2,RED ON
2026-04-20T06:38:00,INT-001,3,GREEN ON
2026-04-20T06:38:35,INT-001,3,YELLOW ON
2026-04-20T06:38:39,INT-001,3,RED ON
2026-04-20T06:39:00,INT-001,4,GREEN ON
2026-04-20T06:39:35,INT-001,4,YELLOW ON
2026-04-20T06:39:39,INT-001,4,RED ON
2026-04-20T06:40:00,INT-001,1,GREEN ON
2026-04-20T06:40:35,INT-001,1,YELLOW ON
2026-04-20T06:40:39,INT-001,1,RED ON
2026-04-20T06:41:00,INT-001,2,GREEN ON
2026-04-20T06:41:35,INT-001,2,YELLOW ON
2026-04-20T06:41:39,INT-001,2,RED ON
2026-04-20T06:42:00,INT-001,3,GREEN ON
2026-04-20T06:42:35,INT-001,3,YELLOW ON
2026-04-20T06:42:39,INT-001,3,RED ON
2026-04-20T06:43:00,INT-001,4,GREEN ON
2026-04-20T06:43:35,INT-001,4,YELLOW ON
2026-04-20T06:43:39,INT-001,4,RED ON
2026-04-20T06:44:00,INT-001,1,GREEN ON
2026-04-20T06:44:35,INT-001,1,YELLOW ON
2026-04-20T06:44:39,INT-001,1,RED ON
2026-04-20T06:45:00,INT-001,2,GREEN ON
2026-04-20T06:45:35,INT-001,2,YELLOW ON
2026-04-20T06:45:39,INT-001,2,RED ON
2026-04-20T06:46:00,INT-001,3,GREEN ON
2026-04-20T06:46:35,INT-001,3,YELLOW ON
2026-04-20T06:46:39,INT-001,3,RED ON
2026-04-20T06:47:00,INT-001,4,GREEN ON
2026-04-20T06:47:35,INT-001,4,YELLOW ON
2026-04-20T06:47:39,INT-001,4,RED ON
2026-04-20T06:48:00,INT-001,1,GREEN ON
2026-04-20T06:48:35,INT-001,1,YELLOW ON
2026-04-20T06:48:39,INT-001,1,RED ON
2026-04-20T06:49:00,INT-001,2,GREEN ON
2026-04-20T06:49:35,INT-001,2,YELLOW ON
2026-04-20T06:49:39,INT-001,2,RED ON
2026-04-20T06:50:00,INT-001,3,GREEN ON
2026-04-20T06:50:35,INT-001,3,YELLOW ON
2026-04-20T06:50:39,INT-001,3,RED ON
2026-04-20T06:51:00,INT-001,4,GREEN ON
2026-04-20T06:51:35,INT-001,4,YELLOW ON
2026-04-20T06:51:39,INT-001,4,RED ON
2026-04-20T06:52:00,INT-001,1,GREEN ON
2026-04-20T06:52:35,INT-001,1,YELLOW ON
2026-04-20T06:52:39,INT-001,1,RED ON
2026-04-20T06:53:00,INT-001,2,GREEN ON
2026-04-20T06:53:35,INT-001,2,YELLOW ON
2026-04-20T06:53:39,INT-001,2,RED ON
2026-04-20T06:54:00,INT-001,3,GREEN ON
2026-04-20T06:54:35,INT-001,3,YELLOW ON
2026-04-20T06:54:39,INT-001,3,RED ON
2026-04-20T06:55:00,INT-001,4,GREEN ON
2026-04-20T06:55:35,INT-001,4,YELLOW ON
2026-04-20T06:55:39,INT-001,4,RED ON
2026-04-20T06:56:00,INT-001,1,GREEN ON
2026-04-20T06:56:35,INT-001,1,YELLOW ON
2026-04-20T06:56:39,INT-001,1,RED ON
2026-04-20T06:57:00,INT-001,2,GREEN ON
2026-04-20T06:57:35,INT-001,2,YELLOW ON
2026-04-20T06:57:39,INT-001,2,RED ON
2026-04-20T06:58:00,INT-001,3,GREEN ON
2026-04-20T06:58:35,INT-001,3,YELLOW ON
2026-04-20T06:58:39,INT-001,3,RED ON
2026-04-20T06:59:00,INT-001,4,GREEN ON
2026-04-20T06:59:35,INT-001,4,YELLOW ON
2026-04-20T06:59:39,INT-001,4,RED ON
2026-04-20T07:00:00,INT-001,1,GREEN ON
2026-04-20T07:00:35,INT-001,1,YELLOW ON
2026-04-20T07:00:39,INT-001,1,RED ON
2026-04-20T07:01:00,INT-001,2,GREEN ON
2026-04-20T07:01:35,INT-001,2,YELLOW ON
2026-04-20T07:01:39,INT-001,2,RED ON
2026-04-20T07:02:00,INT-001,3,GREEN ON
2026-04-20T07:02:35,INT-001,3,YELLOW ON
2026-04-20T07:02:39,INT-001,3,RED ON
2026-04-20T07:03:00,INT-001,4,GREEN ON
2026-04-20T07:03:35,INT-001,4,YELLOW ON
2026-04-20T07:03:39,INT-001,4,RED ON
2026-04-20T07:04:00,INT-001,1,GREEN ON
2026-04-20T07:04:35,INT-001,1,YELLOW ON
2026-04-20T07:04:39,INT-001,1,RED ON
2026-04-20T07:05:00,INT-001,2,GREEN ON
2026-04-20T07:05:35,INT-001,2,YELLOW ON
2026-04-20T07:05:39,INT-001,2,RED ON
2026-04-20T07:06:00,INT-001,3,GREEN ON
2026-04-20T07:06:35,INT-001,3,YELLOW ON
2026-04-20T07:06:39,INT-001,3,RED ON
2026-04-20T07:07:00,INT-001,4,GREEN ON
2026-04-20T07:07:35,INT-001,4,YELLOW ON
2026-04-20T07:07:39,INT-001,4,RED ON
2026-04-20T07:08:00,INT-001,1,GREEN ON
2026-04-20T07:08:35,INT-001,1,YELLOW ON
2026-04-20T07:08:39,INT-001,1,RED ON
2026-04-20T07:09:00,INT-001,2,GREEN ON
2026-04-20T07:09:35,INT-001,2,YELLOW ON
2026-04-20T07:09:39,INT-001,2,RED ON
2026-04-20T07:10:00,INT-001,3,GREEN ON
2026-04-20T07:10:35,INT-001,3,YELLOW ON
2026-04-20T07:10:39,INT-001,3,RED ON
2026-04-20T07:11:00,INT-001,4,GREEN ON
2026-04-20T07:11:35,INT-001,4,YELLOW ON
2026-04-20T07:11:39,INT-001,4,RED ON
2026-04-20T07:12:00,INT-001,1,GREEN ON
2026-04-20T07:12:35,INT-001,1,YELLOW ON
2026-04-20T07:12:39,INT-001,1,RED ON
2026-04-20T07:13:00,INT-001,2,GREEN ON
2026-04-20T07:13:35,INT-001,2,YELLOW ON
2026-04-20T07:13:39,INT-001,2,RED ON
2026-04-20T07:14:00,INT-001,3,GREEN ON
2026-04-20T07:14:35,INT-001,3,YELLOW ON
2026-04-20T07:14:39,INT-001,3,RED ON
2026-04-20T07:15:00,INT-001,4,GREEN ON
2026-04-20T07:15:35,INT-001,4,YELLOW ON
2026-04-20T07:15:39,INT-001,4,RED ON
2026-04-20T07:16:00,INT-001,1,GREEN ON
2026-04-20T07:16:35,INT-001,1,YELLOW ON
2026-04-20T07:16:39,INT-001,1,RED ON
2026-04-20T07:17:00,INT-001,2,GREEN ON
2026-04-20T07:17:35,INT-001,2,YELLOW ON
2026-04-20T07:17:39,INT-001,2,RED ON
2026-04-20T07:18:00,INT-001,3,GREEN ON
2026-04-20T07:18:35,INT-001,3,YELLOW ON
2026-04-20T07:18:39,INT-001,3,RED ON
2026-04-20T07:19:00,INT-001,4,GREEN ON
2026-04-20T07:19:35,INT-001,4,YELLOW ON
2026-04-20T07:19:39,INT-001,4,RED ON
2026-04-20T07:20:00,INT-001,1,GREEN ON
2026-04-20T07:20:35,INT-001,1,YELLOW ON
2026-04-20T07:20:39,INT-001,1,RED ON
2026-04-20T07:21:00,INT-001,2,GREEN ON
2026-04-20T07:21:35,INT-001,2,YELLOW ON
2026-04-20T07:21:39,INT-001,2,RED ON
2026-04-20T07:22:00,INT-001,3,GREEN ON
2026-04-20T07:22:35,INT-001,3,YELLOW ON
2026-04-20T07:22:39,INT-001,3,RED ON
2026-04-20T07:23:00,INT-001,4,GREEN ON
2026-04-20T07:23:35,INT-001,4,YELLOW ON
2026-04-20T07:23:39,INT-001,4,RED ON
2026-04-20T07:24:00,INT-001,1,GREEN ON
2026-04-20T07:24:35,INT-001,1,YELLOW ON
2026-04-20T07:24:39,INT-001,1,RED ON
2026-04-20T07:25:00,INT-001,2,GREEN ON
2026-04-20T07:25:35,INT-001,2,YELLOW ON
2026-04-20T07:25:39,INT-001,2,RED ON
2026-04-20T07:26:00,INT-001,3,GREEN ON
2026-04-20T07:26:35,INT-001,3,YELLOW ON
2026-04-20T07:26:39,INT-001,3,RED ON
2026-04-20T07:27:00,INT-001,4,GREEN ON
2026-04-20T07:27:35,INT-001,4,YELLOW ON
2026-04-20T07:27:39,INT-001,4,RED ON
2026-04-20T07:28:00,INT-001,1,GREEN ON
2026-04-20T07:28:35,INT-001,1,YELLOW ON
2026-04-20T07:28:39,INT-001,1,RED ON
2026-04-20T07:29:00,INT-001,2,GREEN ON
2026-04-20T07:29:35,INT-001,2,YELLOW ON
2026-04-20T07:29:39,INT-001,2,RED ON
2026-04-20T07:30:00,INT-001,3,GREEN ON
2026-04-20T07:30:35,INT-001,3,YELLOW ON
2026-04-20T07:30:39,INT-001,3,RED ON
2026-04-20T07:31:00,INT-001,4,GREEN ON
2026-04-20T07:31:35,INT-001,4,YELLOW ON
2026-04-20T07:31:39,INT-001,4,RED ON
2026-04-20T07:32:00,INT-001,1,GREEN ON
2026-04-20T07:32:35,INT-001,1,YELLOW ON
2026-04-20T07:32:39,INT-001,1,RED ON
2026-04-20T07:33:00,INT-001,2,GREEN ON
2026-04-20T07:33:35,INT-001,2,YELLOW ON
2026-04-20T07:33:39,INT-001,2,RED ON
2026-04-20T07:34:00,INT-001,3,GREEN ON
2026-04-20T07:34:35,INT-001,3,YELLOW ON
2026-04-20T07:34:39,INT-001,3,RED ON
2026-04-20T07:35:00,INT-001,4,GREEN ON
2026-04-20T07:35:35,INT-001,4,YELLOW ON
2026-04-20T07:35:39,INT-001,4,RED ON
2026-04-20T07:36:00,INT-001,1,GREEN ON
2026-04-20T07:36:35,INT-001,1,YELLOW ON
2026-04-20T07:36:39,INT-001,1,RED ON
2026-04-20T07:37:00,INT-001,2,GREEN ON
2026-04-20T07:37:35,INT-001,2,YELLOW ON
2026-04-20T07:37:39,INT-001,2,RED ON
2026-04-20T07:38:00,INT-001,3,GREEN ON
2026-04-20T07:38:35,INT-001,3,YELLOW ON
2026-04-20T07:38:39,INT-001,3,RED ON
2026-04-20T07:39:00,INT-001,4,GREEN ON
2026-04-20T07:39:35,INT-001,4,YELLOW ON
2026-04-20T07:39:39,INT-001,4,RED ON
2026-04-20T07:40:00,INT-001,1,GREEN ON
2026-04-20T07:40:35,INT-001,1,YELLOW ON
2026-04-20T07:40:39,INT-001,1,RED ON
2026-04-20T07:41:00,INT-001,2,GREEN ON
2026-04-20T07:41:35,INT-001,2,YELLOW ON
2026-04-20T07:41:39,INT-001,2,RED ON
2026-04-20T07:42:00,INT-001,3,GREEN ON
2026-04-20T07:42:35,INT-001,3,YELLOW ON
2026-04-20T07:42:39,INT-001,3,RED ON
2026-04-20T07:43:00,INT-001,4,GREEN ON
2026-04-20T07:43:35,INT-001,4,YELLOW ON
2026-04-20T07:43:39,INT-001,4,RED ON
2026-04-20T07:44:00,INT-001,1,GREEN ON
2026-04-20T07:44:35,INT-001,1,YELLOW ON
2026-04-20T07:44:39,INT-001,1,RED ON
2026-04-20T07:45:00,INT-001,2,GREEN ON
2026-04-20T07:45:35,INT-001,2,YELLOW ON
2026-04-20T07:45:39,INT-001,2,RED ON
2026-04-20T07:46:00,INT-001,3,GREEN ON
2026-04-20T07:46:35,INT-001,3,YELLOW ON
2026-04-20T07:46:39,INT-001,3,RED ON
2026-04-20T07:47:00,INT-001,4,GREEN ON
2026-04-20T07:47:35,INT-001,4,YELLOW ON
2026-04-20T07:47:39,INT-001,4,RED ON
2026-04-20T07:48:00,INT-001,1,GREEN ON
2026-04-20T07:48:35,INT-001,1,YELLOW ON
2026-04-20T07:48:39,INT-001,1,RED ON
2026-04-20T07:49:00,INT-001,2,GREEN ON
2026-04-20T07:49:35,INT-001,2,YELLOW ON
2026-04-20T07:49:39,INT-001,2,RED ON
2026-04-20T07:50:00,INT-001,3,GREEN ON
2026-04-20T07:50:35,INT-001,3,YELLOW ON
2026-04-20T07:50:39,INT-001,3,RED ON
2026-04-20T07:51:00,INT-001,4,GREEN ON
2026-04-20T07:51:35,INT-001,4,YELLOW ON
2026-04-20T07:51:39,INT-001,4,RED ON
2026-04-20T07:52:00,INT-001,1,GREEN ON
2026-04-20T07:52:35,INT-001,1,YELLOW ON
2026-04-20T07:52:39,INT-001,1,RED ON
2026-04-20T07:53:00,INT-001,2,GREEN ON
2026-04-20T07:53:35,INT-001,2,YELLOW ON
2026-04-20T07:53:39,INT-001,2,RED ON
2026-04-20T07:54:00,INT-001,3,GREEN ON
2026-04-20T07:54:35,INT-001,3,YELLOW ON
2026-04-20T07:54:39,INT-001,3,RED ON
2026-04-20T07:55:00,INT-001,4,GREEN ON
2026-04-20T07:55:35,INT-001,4,YELLOW ON
2026-04-20T07:55:39,INT-001,4,RED ON
2026-04-20T07:56:00,INT-001,1,GREEN ON
2026-04-20T07:56:35,INT-001,1,YELLOW ON
2026-04-20T07:56:39,INT-001,1,RED ON
2026-04-20T07:57:00,INT-001,2,GREEN ON
2026-04-20T07:57:35,INT-001,2,YELLOW ON
2026-04-20T07:57:39,INT-001,2,RED ON
2026-04-20T07:58:00,INT-001,3,GREEN ON
2026-04-20T07:58:35,INT-001,3,YELLOW ON
2026-04-20T07:58:39,INT-001,3,RED ON
2026-04-20T07:59:00,INT-001,4,GREEN ON
2026-04-20T07:59:35,INT-001,4,YELLOW ON
2026-04-20T07:59:39,INT-001,4,RED ON
2026-04-20T08:00:00,INT-001,1,GREEN ON
2026-04-20T08:00:35,INT-001,1,YELLOW ON
2026-04-20T08:00:39,INT-001,1,RED ON
2026-04-20T08:01:00,INT-001,2,GREEN ON
2026-04-20T08:01:35,INT-001,2,YELLOW ON
2026-04-20T08:01:39,INT-001,2,RED ON
2026-04-20T08:02:00,INT-001,3,GREEN ON
2026-04-20T08:02:35,INT-001,3,YELLOW ON
2026-04-20T08:02:39,INT-001,3,RED ON
2026-04-20T08:03:00,INT-001,4,GREEN ON
2026-04-20T08:03:35,INT-001,4,YELLOW ON
2026-04-20T08:03:39,INT-001,4,RED ON
2026-04-20T08:04:00,INT-001,1,GREEN ON
2026-04-20T08:04:35,INT-001,1,YELLOW ON
2026-04-20T08:04:39,INT-001,1,RED ON
2026-04-20T08:05:00,INT-001,2,GREEN ON
2026-04-20T08:05:35,INT-001,2,YELLOW ON
2026-04-20T08:05:39,INT-001,2,RED ON
2026-04-20T08:06:00,INT-001,3,GREEN ON
2026-04-20T08:06:35,INT-001,3,YELLOW ON
2026-04-20T08:06:39,INT-001,3,RED ON
2026-04-20T08:07:00,INT-001,4,GREEN ON
2026-04-20T08:07:35,INT-001,4,YELLOW ON
2026-04-20T08:07:39,INT-001,4,RED ON
2026-04-20T08:08:00,INT-001,1,GREEN ON
2026-04-20T08:08:35,INT-001,1,YELLOW ON
2026-04-20T08:08:39,INT-001,1,RED ON
2026-04-20T08:09:00,INT-001,2,GREEN ON
2026-04-20T08:09:35,INT-001,2,YELLOW ON
2026-04-20T08:09:39,INT-001,2,RED ON
2026-04-20T08:10:00,INT-001,3,GREEN ON
2026-04-20T08:10:35,INT-001,3,YELLOW ON
2026-04-20T08:10:39,INT-001,3,RED ON
2026-04-20T08:11:00,INT-001,4,GREEN ON
2026-04-20T08:11:35,INT-001,4,YELLOW ON
2026-04-20T08:11:39,INT-001,4,RED ON
2026-04-20T08:12:00,INT-001,1,GREEN ON
2026-04-20T08:12:35,INT-001,1,YELLOW ON
2026-04-20T08:12:39,INT-001,1,RED ON
2026-04-20T08:13:00,INT-001,2,GREEN ON
2026-04-20T08:13:35,INT-001,2,YELLOW ON
2026-04-20T08:13:39,INT-001,2,RED ON
2026-04-20T08:14:00,INT-001,3,GREEN ON
2026-04-20T08:14:35,INT-001,3,YELLOW ON
2026-04-20T08:14:39,INT-001,3,RED ON
2026-04-20T08:15:00,INT-001,4,GREEN ON
2026-04-20T08:15:35,INT-001,4,YELLOW ON
2026-04-20T08:15:39,INT-001,4,RED ON
2026-04-20T08:16:00,INT-001,1,GREEN ON
2026-04-20T08:16:35,INT-001,1,YELLOW ON
2026-04-20T08:16:39,INT-001,1,RED ON
2026-04-20T08:17:00,INT-001,2,GREEN ON
2026-04-20T08:17:35,INT-001,2,YELLOW ON
2026-04-20T08:17:39,INT-001,2,RED ON
2026-04-20T08:18:00,INT-001,3,GREEN ON
2026-04-20T08:18:35,INT-001,3,YELLOW ON
2026-04-20T08:18:39,INT-001,3,RED ON
2026-04-20T08:19:00,INT-001,4,GREEN ON
2026-04-20T08:19:35,INT-001,4,YELLOW ON
2026-04-20T08:19:39,INT-001,4,RED ON
2026-04-20T08:20:00,INT-001,1,GREEN ON
2026-04-20T08:20:35,INT-001,1,YELLOW ON
2026-04-20T08:20:39,INT-001,1,RED ON
2026-04-20T08:21:00,INT-001,2,GREEN ON
2026-04-20T08:21:35,INT-001,2,YELLOW ON
2026-04-20T08:21:39,INT-001,2,RED ON
2026-04-20T08:22:00,INT-001,3,GREEN ON
2026-04-20T08:22:35,INT-001,3,YELLOW ON
2026-04-20T08:22:39,INT-001,3,RED ON
2026-04-20T08:23:00,INT-001,4,GREEN ON
2026-04-20T08:23:35,INT-001,4,YELLOW ON
2026-04-20T08:23:39,INT-001,4,RED ON
2026-04-20T08:24:00,INT-001,1,GREEN ON
2026-04-20T08:24:35,INT-001,1,YELLOW ON
2026-04-20T08:24:39,INT-001,1,RED ON
2026-04-20T08:25:00,INT-001,2,GREEN ON
2026-04-20T08:25:35,INT-001,2,YELLOW ON
2026-04-20T08:25:39,INT-001,2,RED ON
2026-04-20T08:26:00,INT-001,3,GREEN ON
2026-04-20T08:26:35,INT-001,3,YELLOW ON
2026-04-20T08:26:39,INT-001,3,RED ON
2026-04-20T08:27:00,INT-001,4,GREEN ON
2026-04-20T08:27:35,INT-001,4,YELLOW ON
2026-04-20T08:27:39,INT-001,4,RED ON
2026-04-20T08:28:00,INT-001,1,GREEN ON
2026-04-20T08:28:35,INT-001,1,YELLOW ON
2026-04-20T08:28:39,INT-001,1,RED ON
2026-04-20T08:29:00,INT-001,2,GREEN ON
2026-04-20T08:29:35,INT-001,2,YELLOW ON
2026-04-20T08:29:39,INT-001,2,RED ON
2026-04-20T08:30:00,INT-001,3,GREEN ON
2026-04-20T08:30:35,INT-001,3,YELLOW ON
2026-04-20T08:30:39,INT-001,3,RED ON
2026-04-20T08:31:00,INT-001,4,GREEN ON
2026-04-20T08:31:35,INT-001,4,YELLOW ON
2026-04-20T08:31:39,INT-001,4,RED ON
2026-04-20T08:32:00,INT-001,1,GREEN ON
2026-04-20T08:32:35,INT-001,1,YELLOW ON
2026-04-20T08:32:39,INT-001,1,RED ON
2026-04-20T08:33:00,INT-001,2,GREEN ON
2026-04-20T08:33:35,INT-001,2,YELLOW ON
2026-04-20T08:33:39,INT-001,2,RED ON
2026-04-20T08:34:00,INT-001,3,GREEN ON
2026-04-20T08:34:35,INT-001,3,YELLOW ON
2026-04-20T08:34:39,INT-001,3,RED ON
2026-04-20T08:35:00,INT-001,4,GREEN ON
2026-04-20T08:35:35,INT-001,4,YELLOW ON
2026-04-20T08:35:39,INT-001,4,RED ON
2026-04-20T08:36:00,INT-001,1,GREEN ON
2026-04-20T08:36:35,INT-001,1,YELLOW ON
2026-04-20T08:36:39,INT-001,1,RED ON
2026-04-20T08:37:00,INT-001,2,GREEN ON
2026-04-20T08:37:35,INT-001,2,YELLOW ON
2026-04-20T08:37:39,INT-001,2,RED ON
2026-04-20T08:38:00,INT-001,3,GREEN ON
2026-04-20T08:38:35,INT-001,3,YELLOW ON
2026-04-20T08:38:39,INT-001,3,RED ON
2026-04-20T08:39:00,INT-001,4,GREEN ON
2026-04-20T08:39:35,INT-001,4,YELLOW ON
2026-04-20T08:39:39,INT-001,4,RED ON
2026-04-20T08:40:00,INT-001,1,GREEN ON
2026-04-20T08:40:35,INT-001,1,YELLOW ON
2026-04-20T08:40:39,INT-001,1,RED ON
2026-04-20T08:41:00,INT-001,2,GREEN ON
2026-04-20T08:41:35,INT-001,2,YELLOW ON
2026-04-20T08:41:39,INT-001,2,RED ON
2026-04-20T08:42:00,INT-001,3,GREEN ON
2026-04-20T08:42:35,INT-001,3,YELLOW ON
2026-04-20T08:42:39,INT-001,3,RED ON
2026-04-20T08:43:00,INT-001,4,GREEN ON
2026-04-20T08:43:35,INT-001,4,YELLOW ON
2026-04-20T08:43:39,INT-001,4,RED ON
2026-04-20T08:44:00,INT-001,1,GREEN ON
2026-04-20T08:44:35,INT-001,1,YELLOW ON
2026-04-20T08:44:39,INT-001,1,RED ON
2026-04-20T08:45:00,INT-001,2,GREEN ON
2026-04-20T08:45:35,INT-001,2,YELLOW ON
2026-04-20T08:45:39,INT-001,2,RED ON
2026-04-20T08:46:00,INT-001,3,GREEN ON
2026-04-20T08:46:35,INT-001,3,YELLOW ON
2026-04-20T08:46:39,INT-001,3,RED ON
2026-04-20T08:47:00,INT-001,4,GREEN ON
2026-04-20T08:47:35,INT-001,4,YELLOW ON
2026-04-20T08:47:39,INT-001,4,RED ON
2026-04-20T08:48:00,INT-001,1,GREEN ON
2026-04-20T08:48:35,INT-001,1,YELLOW ON
2026-04-20T08:48:39,INT-001,1,RED ON
2026-04-20T08:49:00,INT-001,2,GREEN ON
2026-04-20T08:49:35,INT-001,2,YELLOW ON
2026-04-20T08:49:39,INT-001,2,RED ON
2026-04-20T08:50:00,INT-001,3,GREEN ON
2026-04-20T08:50:35,INT-001,3,YELLOW ON
2026-04-20T08:50:39,INT-001,3,RED ON
2026-04-20T08:51:00,INT-001,4,GREEN ON
2026-04-20T08:51:35,INT-001,4,YELLOW ON
2026-04-20T08:51:39,INT-001,4,RED ON
2026-04-20T08:52:00,INT-001,1,GREEN ON
2026-04-20T08:52:35,INT-001,1,YELLOW ON
2026-04-20T08:52:39,INT-001,1,RED ON
2026-04-20T08:53:00,INT-001,2,GREEN ON
2026-04-20T08:53:35,INT-001,2,YELLOW ON
2026-04-20T08:53:39,INT-001,2,RED ON
2026-04-20T08:54:00,INT-001,3,GREEN ON
2026-04-20T08:54:35,INT-001,3,YELLOW ON
2026-04-20T08:54:39,INT-001,3,RED ON
2026-04-20T08:55:00,INT-001,4,GREEN ON
2026-04-20T08:55:35,INT-001,4,YELLOW ON
2026-04-20T08:55:39,INT-001,4,RED ON
2026-04-20T08:56:00,INT-001,1,GREEN ON
2026-04-20T08:56:35,INT-001,1,YELLOW ON
2026-04-20T08:56:39,INT-001,1,RED ON
2026-04-20T08:57:00,INT-001,2,GREEN ON
2026-04-20T08:57:35,INT-001,2,YELLOW ON
2026-04-20T08:57:39,INT-001,2,RED ON
2026-04-20T08:58:00,INT-001,3,GREEN ON
2026-04-20T08:58:35,INT-001,3,YELLOW ON
2026-04-20T08:58:39,INT-001,3,RED ON
2026-04-20T08:59:00,INT-001,4,GREEN ON
2026-04-20T08:59:35,INT-001,4,YELLOW ON
2026-04-20T08:59:39,INT-001,4,RED ON
2026-04-20T09:00:00,INT-001,1,GREEN ON
2026-04-20T09:00:35,INT-001,1,YELLOW ON
2026-04-20T09:00:39,INT-001,1,RED ON
2026-04-20T09:01:00,INT-001,2,GREEN ON
2026-04-20T09:01:35,INT-001,2,YELLOW ON
2026-04-20T09:01:39,INT-001,2,RED ON
2026-04-20T09:02:00,INT-001,3,GREEN ON
2026-04-20T09:02:35,INT-001,3,YELLOW ON
2026-04-20T09:02:39,INT-001,3,RED ON
2026-04-20T09:03:00,INT-001,4,GREEN ON
2026-04-20T09:03:35,INT-001,4,YELLOW ON
2026-04-20T09:03:39,INT-001,4,RED ON
2026-04-20T09:04:00,INT-001,1,GREEN ON
2026-04-20T09:04:35,INT-001,1,YELLOW ON
2026-04-20T09:04:39,INT-001,1,RED ON
2026-04-20T09:05:00,INT-001,2,GREEN ON
2026-04-20T09:05:35,INT-001,2,YELLOW ON
2026-04-20T09:05:39,INT-001,2,RED ON
2026-04-20T09:06:00,INT-001,3,GREEN ON
2026-04-20T09:06:35,INT-001,3,YELLOW ON
2026-04-20T09:06:39,INT-001,3,RED ON
2026-04-20T09:07:00,INT-001,4,GREEN ON
2026-04-20T09:07:35,INT-001,4,YELLOW ON
2026-04-20T09:07:39,INT-001,4,RED ON
2026-04-20T09:08:00,INT-001,1,GREEN ON
2026-04-20T09:08:35,INT-001,1,YELLOW ON
2026-04-20T09:08:39,INT-001,1,RED ON
2026-04-20T09:09:00,INT-001,2,GREEN ON
2026-04-20T09:09:35,INT-001,2,YELLOW ON
2026-04-20T09:09:39,INT-001,2,RED ON
2026-04-20T09:10:00,INT-001,3,GREEN ON
2026-04-20T09:10:35,INT-001,3,YELLOW ON
2026-04-20T09:10:39,INT-001,3,RED ON
2026-04-20T09:11:00,INT-001,4,GREEN ON
2026-04-20T09:11:35,INT-001,4,YELLOW ON
2026-04-20T09:11:39,INT-001,4,RED ON
2026-04-20T09:12:00,INT-001,1,GREEN ON
2026-04-20T09:12:35,INT-001,1,YELLOW ON
2026-04-20T09:12:39,INT-001,1,RED ON
2026-04-20T09:13:00,INT-001,2,GREEN ON
2026-04-20T09:13:35,INT-001,2,YELLOW ON
2026-04-20T09:13:39,INT-001,2,RED ON
2026-04-20T09:14:00,INT-001,3,GREEN ON
2026-04-20T09:14:35,INT-001,3,YELLOW ON
2026-04-20T09:14:39,INT-001,3,RED ON
2026-04-20T09:15:00,INT-001,4,GREEN ON
2026-04-20T09:15:35,INT-001,4,YELLOW ON
2026-04-20T09:15:39,INT-001,4,RED ON
2026-04-20T09:16:00,INT-001,1,GREEN ON
2026-04-20T09:16:35,INT-001,1,YELLOW ON
2026-04-20T09:16:39,INT-001,1,RED ON
2026-04-20T09:17:00,INT-001,2,GREEN ON
2026-04-20T09:17:35,INT-001,2,YELLOW ON
2026-04-20T09:17:39,INT-001,2,RED ON
2026-04-20T09:18:00,INT-001,3,GREEN ON
2026-04-20T09:18:35,INT-001,3,YELLOW ON
2026-04-20T09:18:39,INT-001,3,RED ON
2026-04-20T09:19:00,INT-001,4,GREEN ON
2026-04-20T09:19:35,INT-001,4,YELLOW ON
2026-04-20T09:19:39,INT-001,4,RED ON
2026-04-20T09:20:00,INT-001,1,GREEN ON
2026-04-20T09:20:35,INT-001,1,YELLOW ON
2026-04-20T09:20:39,INT-001,1,RED ON
2026-04-20T09:21:00,INT-001,2,GREEN ON
2026-04-20T09:21:35,INT-001,2,YELLOW ON
2026-04-20T09:21:39,INT-001,2,RED ON
2026-04-20T09:22:00,INT-001,3,GREEN ON
2026-04-20T09:22:35,INT-001,3,YELLOW ON
2026-04-20T09:22:39,INT-001,3,RED ON
2026-04-20T09:23:00,INT-001,4,GREEN ON
2026-04-20T09:23:35,INT-001,4,YELLOW ON
2026-04-20T09:23:39,INT-001,4,RED ON
2026-04-20T09:24:00,INT-001,1,GREEN ON
2026-04-20T09:24:35,INT-001,1,YELLOW ON
2026-04-20T09:24:39,INT-001,1,RED ON
2026-04-20T09:25:00,INT-001,2,GREEN ON
2026-04-20T09:25:35,INT-001,2,YELLOW ON
2026-04-20T09:25:39,INT-001,2,RED ON
2026-04-20T09:26:00,INT-001,3,GREEN ON
2026-04-20T09:26:35,INT-001,3,YELLOW ON
2026-04-20T09:26:39,INT-001,3,RED ON
2026-04-20T09:27:00,INT-001,4,GREEN ON
2026-04-20T09:27:35,INT-001,4,YELLOW ON
2026-04-20T09:27:39,INT-001,4,RED ON
2026-04-20T09:28:00,INT-001,1,GREEN ON
2026-04-20T09:28:35,INT-001,1,YELLOW ON
2026-04-20T09:28:39,INT-001,1,RED ON
2026-04-20T09:29:00,INT-001,2,GREEN ON
2026-04-20T09:29:35,INT-001,2,YELLOW ON
2026-04-20T09:29:39,INT-001,2,RED ON
2026-04-20T09:30:00,INT-001,3,GREEN ON
2026-04-20T09:30:35,INT-001,3,YELLOW ON
2026-04-20T09:30:39,INT-001,3,RED ON
2026-04-20T09:31:00,INT-001,4,GREEN ON
2026-04-20T09:31:35,INT-001,4,YELLOW ON
2026-04-20T09:31:39,INT-001,4,RED ON
2026-04-20T09:32:00,INT-001,1,GREEN ON
2026-04-20T09:32:35,INT-001,1,YELLOW ON
2026-04-20T09:32:39,INT-001,1,RED ON
2026-04-20T09:33:00,INT-001,2,GREEN ON
2026-04-20T09:33:35,INT-001,2,YELLOW ON
2026-04-20T09:33:39,INT-001,2,RED ON
2026-04-20T09:34:00,INT-001,3,GREEN ON
2026-04-20T09:34:35,INT-001,3,YELLOW ON
2026-04-20T09:34:39,INT-001,3,RED ON
2026-04-20T09:35:00,INT-001,4,GREEN ON
2026-04-20T09:35:35,INT-001,4,YELLOW ON
2026-04-20T09:35:39,INT-001,4,RED ON
2026-04-20T09:36:00,INT-001,1,GREEN ON
2026-04-20T09:36:35,INT-001,1,YELLOW ON
2026-04-20T09:36:39,INT-001,1,RED ON
2026-04-20T09:37:00,INT-001,2,GREEN ON
2026-04-20T09:37:35,INT-001,2,YELLOW ON
2026-04-20T09:37:39,INT-001,2,RED ON
2026-04-20T09:38:00,INT-001,3,GREEN ON
2026-04-20T09:38:35,INT-001,3,YELLOW ON
2026-04-20T09:38:39,INT-001,3,RED ON
2026-04-20T09:39:00,INT-001,4,GREEN ON
2026-04-20T09:39:35,INT-001,4,YELLOW ON
2026-04-20T09:39:39,INT-001,4,RED ON
2026-04-20T09:40:00,INT-001,1,GREEN ON
2026-04-20T09:40:35,INT-001,1,YELLOW ON
2026-04-20T09:40:39,INT-001,1,RED ON
2026-04-20T09:41:00,INT-001,2,GREEN ON
2026-04-20T09:41:35,INT-001,2,YELLOW ON
2026-04-20T09:41:39,INT-001,2,RED ON
2026-04-20T09:42:00,INT-001,3,GREEN ON
2026-04-20T09:42:35,INT-001,3,YELLOW ON
2026-04-20T09:42:39,INT-001,3,RED ON
2026-04-20T09:43:00,INT-001,4,GREEN ON
2026-04-20T09:43:35,INT-001,4,YELLOW ON
2026-04-20T09:43:39,INT-001,4,RED ON
2026-04-20T09:44:00,INT-001,1,GREEN ON
2026-04-20T09:44:35,INT-001,1,YELLOW ON
2026-04-20T09:44:39,INT-001,1,RED ON
2026-04-20T09:45:00,INT-001,2,GREEN ON
2026-04-20T09:45:35,INT-001,2,YELLOW ON
2026-04-20T09:45:39,INT-001,2,RED ON
2026-04-20T09:46:00,INT-001,3,GREEN ON
2026-04-20T09:46:35,INT-001,3,YELLOW ON
2026-04-20T09:46:39,INT-001,3,RED ON
2026-04-20T09:47:00,INT-001,4,GREEN ON
2026-04-20T09:47:35,INT-001,4,YELLOW ON
2026-04-20T09:47:39,INT-001,4,RED ON
2026-04-20T09:48:00,INT-001,1,GREEN ON
2026-04-20T09:48:35,INT-001,1,YELLOW ON
2026-04-20T09:48:39,INT-001,1,RED ON
2026-04-20T09:49:00,INT-001,2,GREEN ON
2026-04-20T09:49:35,INT-001,2,YELLOW ON
2026-04-20T09:49:39,INT-001,2,RED ON
2026-04-20T09:50:00,INT-001,3,GREEN ON
2026-04-20T09:50:35,INT-001,3,YELLOW ON
2026-04-20T09:50:39,INT-001,3,RED ON
2026-04-20T09:51:00,INT-001,4,GREEN ON
2026-04-20T09:51:35,INT-001,4,YELLOW ON
2026-04-20T09:51:39,INT-001,4,RED ON
2026-04-20T09:52:00,INT-001,1,GREEN ON
2026-04-20T09:52:35,INT-001,1,YELLOW ON
2026-04-20T09:52:39,INT-001,1,RED ON
2026-04-20T09:53:00,INT-001,2,GREEN ON
2026-04-20T09:53:35,INT-001,2,YELLOW ON
2026-04-20T09:53:39,INT-001,2,RED ON
2026-04-20T09:54:00,INT-001,3,GREEN ON
2026-04-20T09:54:35,INT-001,3,YELLOW ON
2026-04-20T09:54:39,INT-001,3,RED ON
2026-04-20T09:55:00,INT-001,4,GREEN ON
2026-04-20T09:55:35,INT-001,4,YELLOW ON
2026-04-20T09:55:39,INT-001,4,RED ON
2026-04-20T09:56:00,INT-001,1,GREEN ON
2026-04-20T09:56:35,INT-001,1,YELLOW ON
2026-04-20T09:56:39,INT-001,1,RED ON
2026-04-20T09:57:00,INT-001,2,GREEN ON
2026-04-20T09:57:35,INT-001,2,YELLOW ON
2026-04-20T09:57:39,INT-001,2,RED ON
2026-04-20T09:58:00,INT-001,3,GREEN ON
2026-04-20T09:58:35,INT-001,3,YELLOW ON
2026-04-20T09:58:39,INT-001,3,RED ON
2026-04-20T09:59:00,INT-001,4,GREEN ON
2026-04-20T09:59:35,INT-001,4,YELLOW ON
2026-04-20T09:59:39,INT-001,4,RED ON
2026-04-20T10:00:00,INT-001,1,GREEN ON
2026-04-20T10:00:35,INT-001,1,YELLOW ON
2026-04-20T10:00:39,INT-001,1,RED ON
2026-04-20T10:01:00,INT-001,2,GREEN ON
2026-04-20T10:01:35,INT-001,2,YELLOW ON
2026-04-20T10:01:39,INT-001,2,RED ON
2026-04-20T10:02:00,INT-001,3,GREEN ON
2026-04-20T10:02:35,INT-001,3,YELLOW ON
2026-04-20T10:02:39,INT-001,3,RED ON
2026-04-20T10:03:00,INT-001,4,GREEN ON
2026-04-20T10:03:35,INT-001,4,YELLOW ON
2026-04-20T10:03:39,INT-001,4,RED ON
2026-04-20T10:04:00,INT-001,1,GREEN ON
2026-04-20T10:04:35,INT-001,1,YELLOW ON
2026-04-20T10:04:39,INT-001,1,RED ON
2026-04-20T10:05:00,INT-001,2,GREEN ON
2026-04-20T10:05:35,INT-001,2,YELLOW ON
2026-04-20T10:05:39,INT-001,2,RED ON
2026-04-20T10:06:00,INT-001,3,GREEN ON
2026-04-20T10:06:35,INT-001,3,YELLOW ON
2026-04-20T10:06:39,INT-001,3,RED ON
2026-04-20T10:07:00,INT-001,4,GREEN ON
2026-04-20T10:07:35,INT-001,4,YELLOW ON
2026-04-20T10:07:39,INT-001,4,RED ON
2026-04-20T10:08:00,INT-001,1,GREEN ON
2026-04-20T10:08:35,INT-001,1,YELLOW ON
2026-04-20T10:08:39,INT-001,1,RED ON
2026-04-20T10:09:00,INT-001,2,GREEN ON
2026-04-20T10:09:35,INT-001,2,YELLOW ON
2026-04-20T10:09:39,INT-001,2,RED ON
2026-04-20T10:10:00,INT-001,3,GREEN ON
2026-04-20T10:10:35,INT-001,3,YELLOW ON
2026-04-20T10:10:39,INT-001,3,RED ON
2026-04-20T10:11:00,INT-001,4,GREEN ON
2026-04-20T10:11:35,INT-001,4,YELLOW ON
2026-04-20T10:11:39,INT-001,4,RED ON
2026-04-20T10:12:00,INT-001,1,GREEN ON
2026-04-20T10:12:35,INT-001,1,YELLOW ON
2026-04-20T10:12:39,INT-001,1,RED ON
2026-04-20T10:13:00,INT-001,2,GREEN ON
2026-04-20T10:13:35,INT-001,2,YELLOW ON
2026-04-20T10:13:39,INT-001,2,RED ON
2026-04-20T10:14:00,INT-001,3,GREEN ON
2026-04-20T10:14:35,INT-001,3,YELLOW ON
2026-04-20T10:14:39,INT-001,3,RED ON
2026-04-20T10:15:00,INT-001,4,GREEN ON
2026-04-20T10:15:35,INT-001,4,YELLOW ON
2026-04-20T10:15:39,INT-001,4,RED ON
2026-04-20T10:16:00,INT-001,1,GREEN ON
2026-04-20T10:16:35,INT-001,1,YELLOW ON
2026-04-20T10:16:39,INT-001,1,RED ON
2026-04-20T10:17:00,INT-001,2,GREEN ON
2026-04-20T10:17:35,INT-001,2,YELLOW ON
2026-04-20T10:17:39,INT-001,2,RED ON
2026-04-20T10:18:00,INT-001,3,GREEN ON
2026-04-20T10:18:35,INT-001,3,YELLOW ON
2026-04-20T10:18:39,INT-001,3,RED ON
2026-04-20T10:19:00,INT-001,4,GREEN ON
2026-04-20T10:19:35,INT-001,4,YELLOW ON
2026-04-20T10:19:39,INT-001,4,RED ON
2026-04-20T10:20:00,INT-001,1,GREEN ON
2026-04-20T10:20:35,INT-001,1,YELLOW ON
2026-04-20T10:20:39,INT-001,1,RED ON
2026-04-20T10:21:00,INT-001,2,GREEN ON
2026-04-20T10:21:35,INT-001,2,YELLOW ON
2026-04-20T10:21:39,INT-001,2,RED ON
2026-04-20T10:22:00,INT-001,3,GREEN ON
2026-04-20T10:22:35,INT-001,3,YELLOW ON
2026-04-20T10:22:39,INT-001,3,RED ON
2026-04-20T10:23:00,INT-001,4,GREEN ON
2026-04-20T10:23:35,INT-001,4,YELLOW ON
2026-04-20T10:23:39,INT-001,4,RED ON
2026-04-20T10:24:00,INT-001,1,GREEN ON
2026-04-20T10:24:35,INT-001,1,YELLOW ON
2026-04-20T10:24:39,INT-001,1,RED ON
2026-04-20T10:25:00,INT-001,2,GREEN ON
2026-04-20T10:25:35,INT-001,2,YELLOW ON
2026-04-20T10:25:39,INT-001,2,RED ON
2026-04-20T10:26:00,INT-001,3,GREEN ON
2026-04-20T10:26:35,INT-001,3,YELLOW ON
2026-04-20T10:26:39,INT-001,3,RED ON
2026-04-20T10:27:00,INT-001,4,GREEN ON
2026-04-20T10:27:35,INT-001,4,YELLOW ON
2026-04-20T10:27:39,INT-001,4,RED ON
2026-04-20T10:28:00,INT-001,1,GREEN ON
2026-04-20T10:28:35,INT-001,1,YELLOW ON
2026-04-20T10:28:39,INT-001,1,RED ON
2026-04-20T10:29:00,INT-001,2,GREEN ON
2026-04-20T10:29:35,INT-001,2,YELLOW ON
2026-04-20T10:29:39,INT-001,2,RED ON
2026-04-20T10:30:00,INT-001,3,GREEN ON
2026-04-20T10:30:35,INT-001,3,YELLOW ON
2026-04-20T10:30:39,INT-001,3,RED ON
2026-04-20T10:31:00,INT-001,4,GREEN ON
2026-04-20T10:31:35,INT-001,4,YELLOW ON
2026-04-20T10:31:39,INT-001,4,RED ON
2026-04-20T10:32:00,INT-001,1,GREEN ON
2026-04-20T10:32:35,INT-001,1,YELLOW ON
2026-04-20T10:32:39,INT-001,1,RED ON
2026-04-20T10:33:00,INT-001,2,GREEN ON
2026-04-20T10:33:35,INT-001,2,YELLOW ON
2026-04-20T10:33:39,INT-001,2,RED ON
2026-04-20T10:34:00,INT-001,3,GREEN ON
2026-04-20T10:34:35,INT-001,3,YELLOW ON
2026-04-20T10:34:39,INT-001,3,RED ON
2026-04-20T10:35:00,INT-001,4,GREEN ON
2026-04-20T10:35:35,INT-001,4,YELLOW ON
2026-04-20T10:35:39,INT-001,4,RED ON
2026-04-20T10:36:00,INT-001,1,GREEN ON
2026-04-20T10:36:35,INT-001,1,YELLOW ON
2026-04-20T10:36:39,INT-001,1,RED ON
2026-04-20T10:37:00,INT-001,2,GREEN ON
2026-04-20T10:37:35,INT-001,2,YELLOW ON
2026-04-20T10:37:39,INT-001,2,RED ON
2026-04-20T10:38:00,INT-001,3,GREEN ON
2026-04-20T10:38:35,INT-001,3,YELLOW ON
2026-04-20T10:38:39,INT-001,3,RED ON
2026-04-20T10:39:00,INT-001,4,GREEN ON
2026-04-20T10:39:35,INT-001,4,YELLOW ON
2026-04-20T10:39:39,INT-001,4,RED ON
2026-04-20T10:40:00,INT-001,1,GREEN ON
2026-04-20T10:40:35,INT-001,1,YELLOW ON
2026-04-20T10:40:39,INT-001,1,RED ON
2026-04-20T10:41:00,INT-001,2,GREEN ON
2026-04-20T10:41:35,INT-001,2,YELLOW ON
2026-04-20T10:41:39,INT-001,2,RED ON
2026-04-20T10:42:00,INT-001,3,GREEN ON
2026-04-20T10:42:35,INT-001,3,YELLOW ON
2026-04-20T10:42:39,INT-001,3,RED ON
2026-04-20T10:43:00,INT-001,4,GREEN ON
2026-04-20T10:43:35,INT-001,4,YELLOW ON
2026-04-20T10:43:39,INT-001,4,RED ON
2026-04-20T10:44:00,INT-001,1,GREEN ON
2026-04-20T10:44:35,INT-001,1,YELLOW ON
2026-04-20T10:44:39,INT-001,1,RED ON
2026-04-20T10:45:00,INT-001,2,GREEN ON
2026-04-20T10:45:35,INT-001,2,YELLOW ON
2026-04-20T10:45:39,INT-001,2,RED ON
2026-04-20T10:46:00,INT-001,3,GREEN ON
2026-04-20T10:46:35,INT-001,3,YELLOW ON
2026-04-20T10:46:39,INT-001,3,RED ON
2026-04-20T10:47:00,INT-001,4,GREEN ON
2026-04-20T10:47:35,INT-001,4,YELLOW ON
2026-04-20T10:47:39,INT-001,4,RED ON
2026-04-20T10:48:00,INT-001,1,GREEN ON
2026-04-20T10:48:35,INT-001,1,YELLOW ON
2026-04-20T10:48:39,INT-001,1,RED ON
2026-04-20T10:49:00,INT-001,2,GREEN ON
2026-04-20T10:49:35,INT-001,2,YELLOW ON
2026-04-20T10:49:39,INT-001,2,RED ON
2026-04-20T10:50:00,INT-001,3,GREEN ON
2026-04-20T10:50:35,INT-001,3,YELLOW ON
2026-04-20T10:50:39,INT-001,3,RED ON
2026-04-20T10:51:00,INT-001,4,GREEN ON
2026-04-20T10:51:35,INT-001,4,YELLOW ON
2026-04-20T10:51:39,INT-001,4,RED ON
2026-04-20T10:52:00,INT-001,1,GREEN ON
2026-04-20T10:52:35,INT-001,1,YELLOW ON
2026-04-20T10:52:39,INT-001,1,RED ON
2026-04-20T10:53:00,INT-001,2,GREEN ON
2026-04-20T10:53:35,INT-001,2,YELLOW ON
2026-04-20T10:53:39,INT-001,2,RED ON
2026-04-20T10:54:00,INT-001,3,GREEN ON
2026-04-20T10:54:35,INT-001,3,YELLOW ON
2026-04-20T10:54:39,INT-001,3,RED ON
2026-04-20T10:55:00,INT-001,4,GREEN ON
2026-04-20T10:55:35,INT-001,4,YELLOW ON
2026-04-20T10:55:39,INT-001,4,RED ON
2026-04-20T10:56:00,INT-001,1,GREEN ON
2026-04-20T10:56:35,INT-001,1,YELLOW ON
2026-04-20T10:56:39,INT-001,1,RED ON
2026-04-20T10:57:00,INT-001,2,GREEN ON
2026-04-20T10:57:35,INT-001,2,YELLOW ON
2026-04-20T10:57:39,INT-001,2,RED ON
2026-04-20T10:58:00,INT-001,3,GREEN ON
2026-04-20T10:58:35,INT-001,3,YELLOW ON
2026-04-20T10:58:39,INT-001,3,RED ON
2026-04-20T10:59:00,INT-001,4,GREEN ON
2026-04-20T10:59:35,INT-001,4,YELLOW ON
2026-04-20T10:59:39,INT-001,4,RED ON
2026-04-20T11:00:00,INT-001,1,GREEN ON
2026-04-20T11:00:35,INT-001,1,YELLOW ON
2026-04-20T11:00:39,INT-001,1,RED ON
2026-04-20T11:01:00,INT-001,2,GREEN ON
2026-04-20T11:01:35,INT-001,2,YELLOW ON
2026-04-20T11:01:39,INT-001,2,RED ON
2026-04-20T11:02:00,INT-001,3,GREEN ON
2026-04-20T11:02:35,INT-001,3,YELLOW ON
2026-04-20T11:02:39,INT-001,3,RED ON
2026-04-20T11:03:00,INT-001,4,GREEN ON
2026-04-20T11:03:35,INT-001,4,YELLOW ON
2026-04-20T11:03:39,INT-001,4,RED ON
2026-04-20T11:04:00,INT-001,1,GREEN ON
2026-04-20T11:04:35,INT-001,1,YELLOW ON
2026-04-20T11:04:39,INT-001,1,RED ON
2026-04-20T11:05:00,INT-001,2,GREEN ON
2026-04-20T11:05:35,INT-001,2,YELLOW ON
2026-04-20T11:05:39,INT-001,2,RED ON
2026-04-20T11:06:00,INT-001,3,GREEN ON
2026-04-20T11:06:35,INT-001,3,YELLOW ON
2026-04-20T11:06:39,INT-001,3,RED ON
2026-04-20T11:07:00,INT-001,4,GREEN ON
2026-04-20T11:07:35,INT-001,4,YELLOW ON
2026-04-20T11:07:39,INT-001,4,RED ON
2026-04-20T11:08:00,INT-001,1,GREEN ON
2026-04-20T11:08:35,INT-001,1,YELLOW ON
2026-04-20T11:08:39,INT-001,1,RED ON
2026-04-20T11:09:00,INT-001,2,GREEN ON
2026-04-20T11:09:35,INT-001,2,YELLOW ON
2026-04-20T11:09:39,INT-001,2,RED ON
2026-04-20T11:10:00,INT-001,3,GREEN ON
2026-04-20T11:10:35,INT-001,3,YELLOW ON
2026-04-20T11:10:39,INT-001,3,RED ON
2026-04-20T11:11:00,INT-001,4,GREEN ON
2026-04-20T11:11:35,INT-001,4,YELLOW ON
2026-04-20T11:11:39,INT-001,4,RED ON
2026-04-20T11:12:00,INT-001,1,GREEN ON
2026-04-20T11:12:35,INT-001,1,YELLOW ON
2026-04-20T11:12:39,INT-001,1,RED ON
2026-04-20T11:13:00,INT-001,2,GREEN ON
2026-04-20T11:13:35,INT-001,2,YELLOW ON
2026-04-20T11:13:39,INT-001,2,RED ON
2026-04-20T11:14:00,INT-001,3,GREEN ON
2026-04-20T11:14:35,INT-001,3,YELLOW ON
2026-04-20T11:14:39,INT-001,3,RED ON
2026-04-20T11:15:00,INT-001,4,GREEN ON
2026-04-20T11:15:35,INT-001,4,YELLOW ON
2026-04-20T11:15:39,INT-001,4,RED ON
2026-04-20T11:16:00,INT-001,1,GREEN ON
2026-04-20T11:16:35,INT-001,1,YELLOW ON
2026-04-20T11:16:39,INT-001,1,RED ON
2026-04-20T11:17:00,INT-001,2,GREEN ON
2026-04-20T11:17:35,INT-001,2,YELLOW ON
2026-04-20T11:17:39,INT-001,2,RED ON
2026-04-20T11:18:00,INT-001,3,GREEN ON
2026-04-20T11:18:35,INT-001,3,YELLOW ON
2026-04-20T11:18:39,INT-001,3,RED ON
2026-04-20T11:19:00,INT-001,4,GREEN ON
2026-04-20T11:19:35,INT-001,4,YELLOW ON
2026-04-20T11:19:39,INT-001,4,RED ON
2026-04-20T11:20:00,INT-001,1,GREEN ON
2026-04-20T11:20:35,INT-001,1,YELLOW ON
2026-04-20T11:20:39,INT-001,1,RED ON
2026-04-20T11:21:00,INT-001,2,GREEN ON
2026-04-20T11:21:35,INT-001,2,YELLOW ON
2026-04-20T11:21:39,INT-001,2,RED ON
2026-04-20T11:22:00,INT-001,3,GREEN ON
2026-04-20T11:22:35,INT-001,3,YELLOW ON
2026-04-20T11:22:39,INT-001,3,RED ON
2026-04-20T11:23:00,INT-001,4,GREEN ON
2026-04-20T11:23:35,INT-001,4,YELLOW ON
2026-04-20T11:23:39,INT-001,4,RED ON
2026-04-20T11:24:00,INT-001,1,GREEN ON
2026-04-20T11:24:35,INT-001,1,YELLOW ON
2026-04-20T11:24:39,INT-001,1,RED ON
2026-04-20T11:25:00,INT-001,2,GREEN ON
2026-04-20T11:25:35,INT-001,2,YELLOW ON
2026-04-20T11:25:39,INT-001,2,RED ON
2026-04-20T11:26:00,INT-001,3,GREEN ON
2026-04-20T11:26:35,INT-001,3,YELLOW ON
2026-04-20T11:26:39,INT-001,3,RED ON
2026-04-20T11:27:00,INT-001,4,GREEN ON
2026-04-20T11:27:35,INT-001,4,YELLOW ON
2026-04-20T11:27:39,INT-001,4,RED ON
2026-04-20T11:28:00,INT-001,1,GREEN ON
2026-04-20T11:28:35,INT-001,1,YELLOW ON
2026-04-20T11:28:39,INT-001,1,RED ON
2026-04-20T11:29:00,INT-001,2,GREEN ON
2026-04-20T11:29:35,INT-001,2,YELLOW ON
2026-04-20T11:29:39,INT-001,2,RED ON
2026-04-20T11:30:00,INT-001,3,GREEN ON
2026-04-20T11:30:35,INT-001,3,YELLOW ON
2026-04-20T11:30:39,INT-001,3,RED ON
2026-04-20T11:31:00,INT-001,4,GREEN ON
2026-04-20T11:31:35,INT-001,4,YELLOW ON
2026-04-20T11:31:39,INT-001,4,RED ON
2026-04-20T11:32:00,INT-001,1,GREEN ON
2026-04-20T11:32:35,INT-001,1,YELLOW ON
2026-04-20T11:32:39,INT-001,1,RED ON
2026-04-20T11:33:00,INT-001,2,GREEN ON
2026-04-20T11:33:35,INT-001,2,YELLOW ON
2026-04-20T11:33:39,INT-001,2,RED ON
2026-04-20T11:34:00,INT-001,3,GREEN ON
2026-04-20T11:34:35,INT-001,3,YELLOW ON
2026-04-20T11:34:39,INT-001,3,RED ON
2026-04-20T11:35:00,INT-001,4,GREEN ON
2026-04-20T11:35:35,INT-001,4,YELLOW ON
2026-04-20T11:35:39,INT-001,4,RED ON
2026-04-20T11:36:00,INT-001,1,GREEN ON
2026-04-20T11:36:35,INT-001,1,YELLOW ON
2026-04-20T11:36:39,INT-001,1,RED ON
2026-04-20T11:37:00,INT-001,2,GREEN ON
2026-04-20T11:37:35,INT-001,2,YELLOW ON
2026-04-20T11:37:39,INT-001,2,RED ON
2026-04-20T11:38:00,INT-001,3,GREEN ON
2026-04-20T11:38:35,INT-001,3,YELLOW ON
2026-04-20T11:38:39,INT-001,3,RED ON
2026-04-20T11:39:00,INT-001,4,GREEN ON
2026-04-20T11:39:35,INT-001,4,YELLOW ON
2026-04-20T11:39:39,INT-001,4,RED ON
2026-04-20T11:40:00,INT-001,1,GREEN ON
2026-04-20T11:40:35,INT-001,1,YELLOW ON
2026-04-20T11:40:39,INT-001,1,RED ON
2026-04-20T11:41:00,INT-001,2,GREEN ON
2026-04-20T11:41:35,INT-001,2,YELLOW ON
2026-04-20T11:41:39,INT-001,2,RED ON
2026-04-20T11:42:00,INT-001,3,GREEN ON
2026-04-20T11:42:35,INT-001,3,YELLOW ON
2026-04-20T11:42:39,INT-001,3,RED ON
2026-04-20T11:43:00,INT-001,4,GREEN ON
2026-04-20T11:43:35,INT-001,4,YELLOW ON
2026-04-20T11:43:39,INT-001,4,RED ON
2026-04-20T11:44:00,INT-001,1,GREEN ON
2026-04-20T11:44:35,INT-001,1,YELLOW ON
2026-04-20T11:44:39,INT-001,1,RED ON
2026-04-20T11:45:00,INT-001,2,GREEN ON
2026-04-20T11:45:35,INT-001,2,YELLOW ON
2026-04-20T11:45:39,INT-001,2,RED ON
2026-04-20T11:46:00,INT-001,3,GREEN ON
2026-04-20T11:46:35,INT-001,3,YELLOW ON
2026-04-20T11:46:39,INT-001,3,RED ON
2026-04-20T11:47:00,INT-001,4,GREEN ON
2026-04-20T11:47:35,INT-001,4,YELLOW ON
2026-04-20T11:47:39,INT-001,4,RED ON
2026-04-20T11:48:00,INT-001,1,GREEN ON
2026-04-20T11:48:35,INT-001,1,YELLOW ON
2026-04-20T11:48:39,INT-001,1,RED ON
2026-04-20T11:49:00,INT-001,2,GREEN ON
2026-04-20T11:49:35,INT-001,2,YELLOW ON
2026-04-20T11:49:39,INT-001,2,RED ON
2026-04-20T11:50:00,INT-001,3,GREEN ON
2026-04-20T11:50:35,INT-001,3,YELLOW ON
2026-04-20T11:50:39,INT-001,3,RED ON
2026-04-20T11:51:00,INT-001,4,GREEN ON
2026-04-20T11:51:35,INT-001,4,YELLOW ON
2026-04-20T11:51:39,INT-001,4,RED ON
2026-04-20T11:52:00,INT-001,1,GREEN ON
2026-04-20T11:52:35,INT-001,1,YELLOW ON
2026-04-20T11:52:39,INT-001,1,RED ON
2026-04-20T11:53:00,INT-001,2,GREEN ON
2026-04-20T11:53:35,INT-001,2,YELLOW ON
2026-04-20T11:53:39,INT-001,2,RED ON
2026-04-20T11:54:00,INT-001,3,GREEN ON
2026-04-20T11:54:35,INT-001,3,YELLOW ON
2026-04-20T11:54:39,INT-001,3,RED ON
2026-04-20T11:55:00,INT-001,4,GREEN ON
2026-04-20T11:55:35,INT-001,4,YELLOW ON
2026-04-20T11:55:39,INT-001,4,RED ON
2026-04-20T11:56:00,INT-001,1,GREEN ON
2026-04-20T11:56:35,INT-001,1,YELLOW ON
2026-04-20T11:56:39,INT-001,1,RED ON
2026-04-20T11:57:00,INT-001,2,GREEN ON
2026-04-20T11:57:35,INT-001,2,YELLOW ON
2026-04-20T11:57:39,INT-001,2,RED ON
2026-04-20T11:58:00,INT-001,3,GREEN ON
2026-04-20T11:58:35,INT-001,3,YELLOW ON
2026-04-20T11:58:39,INT-001,3,RED ON
2026-04-20T11:59:00,INT-001,4,GREEN ON
2026-04-20T11:59:35,INT-001,4,YELLOW ON
2026-04-20T11:59:39,INT-001,4,RED ON
